scope,direction,correct,n,wilson_low,wilson_high
full,rescue,62,64,0.8930270822904169,0.9913878616538281
size16,rescue,61,64,0.8710034625990631,0.983930983213707
selected,rescue,50,64,0.6656721604337418,0.8649768059328052
size8,rescue,44,64,0.5660766429725185,0.7876893346051795
neighbor,rescue,0,64,0.0,0.05662405979280534
full,damage,0,64,0.0,0.05662405979280534
size16,damage,0,64,0.0,0.05662405979280534
selected,damage,5,64,0.03383117690855046,0.17019537354162906
size8,damage,12,64,0.11064643172948806,0.29974360564101526
neighbor,damage,62,64,0.8930270822904169,0.9913878616538281
