seed,variant,length,loop,examples,exact_match
0,J,1,1,64,1.0
0,J,2,2,64,1.0
0,J,3,3,64,1.0
0,J,4,4,64,1.0
0,J,5,5,64,1.0
0,J,6,6,64,1.0
0,J,7,7,64,1.0
0,J,8,8,64,1.0
0,J,9,9,64,1.0
0,J,10,10,64,1.0
0,J,11,11,64,1.0
0,J,12,12,64,1.0
0,J,13,13,64,1.0
0,J,14,14,64,1.0
0,J,15,15,64,1.0
0,J,16,16,64,1.0
0,J,17,17,64,1.0
0,J,18,18,64,1.0
0,J,19,19,64,1.0
0,J,20,20,64,1.0
0,J,21,21,64,1.0
0,J,22,22,64,1.0
0,J,23,23,64,1.0
0,J,24,24,64,1.0
0,J,25,25,64,1.0
0,J,26,26,64,1.0
0,J,27,27,64,1.0
0,J,28,28,64,1.0
0,J,29,29,64,1.0
0,J,30,30,64,1.0
0,J,31,31,64,1.0
0,J,32,32,64,1.0
0,J,33,33,64,1.0
0,J,34,34,64,1.0
0,J,35,35,64,1.0
0,J,36,36,64,1.0
0,J,37,37,64,1.0
0,J,38,38,64,1.0
0,J,39,39,64,1.0
0,J,40,40,64,1.0
0,J,41,41,64,1.0
0,J,42,42,64,1.0
0,J,43,43,64,1.0
0,J,44,44,64,1.0
0,J,45,45,64,1.0
0,J,46,46,64,1.0
0,J,47,47,64,1.0
0,J,48,48,64,1.0
0,J,49,49,64,1.0
0,J,50,50,64,1.0
0,J,51,51,64,1.0
0,J,52,52,64,1.0
0,J,53,53,64,1.0
0,J,54,54,64,1.0
0,J,55,55,64,1.0
0,J,56,56,64,1.0
0,J,57,57,64,1.0
0,J,58,58,64,1.0
0,J,59,59,64,1.0
0,J,60,60,64,1.0
0,J,61,61,64,1.0
0,J,62,62,64,1.0
0,J,63,63,64,1.0
0,J,64,64,64,1.0
0,J,65,65,64,1.0
0,J,66,66,64,1.0
0,J,67,67,64,1.0
0,J,68,68,64,1.0
0,J,69,69,64,1.0
0,J,70,70,64,1.0
0,J,71,71,64,1.0
0,J,72,72,64,1.0
0,J,73,73,64,1.0
0,J,74,74,64,1.0
0,J,75,75,64,1.0
0,J,76,76,64,1.0
0,J,77,77,64,1.0
0,J,78,78,64,1.0
0,J,79,79,64,1.0
0,J,80,80,64,1.0
0,J,81,81,64,1.0
0,J,82,82,64,1.0
0,J,83,83,64,1.0
0,J,84,84,64,1.0
0,J,85,85,64,1.0
0,J,86,86,64,1.0
0,J,87,87,64,1.0
0,J,88,88,64,1.0
0,J,89,89,64,1.0
0,J,90,90,64,1.0
0,J,91,91,64,1.0
0,J,92,92,64,1.0
0,J,93,93,64,1.0
0,J,94,94,64,1.0
0,J,95,95,64,1.0
0,J,96,96,64,1.0
0,J,97,97,64,1.0
0,J,98,98,64,1.0
0,J,99,99,64,0.984375
0,J,100,100,64,1.0
0,J,101,101,64,1.0
0,J,102,102,64,1.0
0,J,103,103,64,1.0
0,J,104,104,64,0.984375
0,J,105,105,64,1.0
0,J,106,106,64,1.0
0,J,107,107,64,1.0
0,J,108,108,64,1.0
0,J,109,109,64,1.0
0,J,110,110,64,0.984375
0,J,111,111,64,1.0
0,J,112,112,64,1.0
0,J,113,113,64,1.0
0,J,114,114,64,1.0
0,J,115,115,64,0.984375
0,J,116,116,64,1.0
0,J,117,117,64,0.984375
0,J,118,118,64,0.953125
0,J,119,119,64,0.984375
0,J,120,120,64,1.0
0,J,121,121,64,1.0
0,J,122,122,64,0.96875
0,J,123,123,64,0.984375
0,J,124,124,64,1.0
0,J,125,125,64,1.0
0,J,126,126,64,0.984375
0,J,127,127,64,1.0
0,J,128,128,64,0.96875
0,J,129,129,64,0.984375
0,J,130,130,64,0.984375
0,J,131,131,64,1.0
0,J,132,132,64,1.0
0,J,133,133,64,1.0
0,J,134,134,64,0.921875
0,J,135,135,64,0.984375
0,J,136,136,64,0.984375
0,J,137,137,64,0.96875
0,J,138,138,64,0.953125
0,J,139,139,64,0.9375
0,J,140,140,64,1.0
0,J,141,141,64,0.9375
0,J,142,142,64,0.953125
0,J,143,143,64,0.890625
0,J,144,144,64,0.953125
0,J,145,145,64,0.96875
0,J,146,146,64,0.9375
0,J,147,147,64,0.953125
0,J,148,148,64,0.96875
0,J,149,149,64,0.96875
0,J,150,150,64,0.890625
0,J,151,151,64,0.9375
0,J,152,152,64,0.953125
0,J,153,153,64,0.9375
0,J,154,154,64,0.90625
0,J,155,155,64,0.890625
0,J,156,156,64,0.90625
0,J,157,157,64,0.890625
0,J,158,158,64,0.96875
0,J,159,159,64,0.9375
0,J,160,160,64,0.953125
0,J,161,161,64,0.875
0,J,162,162,64,0.890625
0,J,163,163,64,0.953125
0,J,164,164,64,0.9375
0,J,165,165,64,0.921875
0,J,166,166,64,0.890625
0,J,167,167,64,0.875
0,J,168,168,64,0.921875
0,J,169,169,64,0.9375
0,J,170,170,64,0.921875
0,J,171,171,64,0.9375
0,J,172,172,64,0.96875
0,J,173,173,64,0.84375
0,J,174,174,64,0.859375
0,J,175,175,64,0.875
0,J,176,176,64,0.90625
0,J,177,177,64,0.890625
0,J,178,178,64,0.765625
0,J,179,179,64,0.90625
0,J,180,180,64,0.90625
0,J,181,181,64,0.859375
0,J,182,182,64,0.828125
0,J,183,183,64,0.796875
0,J,184,184,64,0.859375
0,J,185,185,64,0.9375
0,J,186,186,64,0.84375
0,J,187,187,64,0.859375
0,J,188,188,64,0.890625
0,J,189,189,64,0.796875
0,J,190,190,64,0.8125
0,J,191,191,64,0.84375
0,J,192,192,64,0.859375
0,J,193,193,64,0.8125
0,J,194,194,64,0.8125
0,J,195,195,64,0.734375
0,J,196,196,64,0.875
0,J,197,197,64,0.8125
0,J,198,198,64,0.890625
0,J,199,199,64,0.828125
0,J,200,200,64,0.875
0,J,201,201,64,0.828125
0,J,202,202,64,0.8125
0,J,203,203,64,0.765625
0,J,204,204,64,0.8125
0,J,205,205,64,0.828125
0,J,206,206,64,0.734375
0,J,207,207,64,0.84375
0,J,208,208,64,0.796875
0,J,209,209,64,0.828125
0,J,210,210,64,0.703125
0,J,211,211,64,0.78125
0,J,212,212,64,0.890625
0,J,213,213,64,0.78125
0,J,214,214,64,0.75
0,J,215,215,64,0.84375
0,J,216,216,64,0.796875
0,J,217,217,64,0.734375
0,J,218,218,64,0.75
0,J,219,219,64,0.734375
0,J,220,220,64,0.828125
0,J,221,221,64,0.734375
0,J,222,222,64,0.796875
0,J,223,223,64,0.734375
0,J,224,224,64,0.75
0,J,225,225,64,0.671875
0,J,226,226,64,0.734375
0,J,227,227,64,0.703125
0,J,228,228,64,0.734375
0,J,229,229,64,0.703125
0,J,230,230,64,0.734375
0,J,231,231,64,0.75
0,J,232,232,64,0.609375
0,J,233,233,64,0.703125
0,J,234,234,64,0.65625
0,J,235,235,64,0.78125
0,J,236,236,64,0.71875
0,J,237,237,64,0.640625
0,J,238,238,64,0.65625
0,J,239,239,64,0.5625
0,J,240,240,64,0.78125
0,J,241,241,64,0.75
0,J,242,242,64,0.65625
0,J,243,243,64,0.734375
0,J,244,244,64,0.640625
0,J,245,245,64,0.65625
0,J,246,246,64,0.65625
0,J,247,247,64,0.703125
0,J,248,248,64,0.59375
0,J,249,249,64,0.625
0,J,250,250,64,0.71875
0,J,251,251,64,0.609375
0,J,252,252,64,0.5
0,J,253,253,64,0.78125
0,J,254,254,64,0.65625
0,J,255,255,64,0.640625
0,J,256,256,64,0.59375
0,J,257,257,64,0.625
0,J,258,258,64,0.640625
0,J,259,259,64,0.5625
0,J,260,260,64,0.546875
0,J,261,261,64,0.625
0,J,262,262,64,0.5625
0,J,263,263,64,0.640625
0,J,264,264,64,0.609375
0,J,265,265,64,0.703125
0,J,266,266,64,0.59375
0,J,267,267,64,0.484375
0,J,268,268,64,0.65625
0,J,269,269,64,0.625
0,J,270,270,64,0.625
0,J,271,271,64,0.484375
0,J,272,272,64,0.515625
0,J,273,273,64,0.53125
0,J,274,274,64,0.546875
0,J,275,275,64,0.640625
0,J,276,276,64,0.578125
0,J,277,277,64,0.6875
0,J,278,278,64,0.59375
0,J,279,279,64,0.515625
0,J,280,280,64,0.59375
0,J,281,281,64,0.53125
0,J,282,282,64,0.5625
0,J,283,283,64,0.515625
0,J,284,284,64,0.46875
0,J,285,285,64,0.46875
0,J,286,286,64,0.5
0,J,287,287,64,0.484375
0,J,288,288,64,0.546875
0,J,289,289,64,0.65625
0,J,290,290,64,0.515625
0,J,291,291,64,0.46875
0,J,292,292,64,0.65625
0,J,293,293,64,0.609375
0,J,294,294,64,0.34375
0,J,295,295,64,0.59375
0,J,296,296,64,0.5625
0,J,297,297,64,0.5625
0,J,298,298,64,0.46875
0,J,299,299,64,0.5625
0,J,300,300,64,0.53125
0,J,301,301,64,0.578125
0,J,302,302,64,0.4375
0,J,303,303,64,0.4375
0,J,304,304,64,0.453125
0,J,305,305,64,0.4375
0,J,306,306,64,0.46875
0,J,307,307,64,0.40625
0,J,308,308,64,0.421875
0,J,309,309,64,0.46875
0,J,310,310,64,0.46875
0,J,311,311,64,0.46875
0,J,312,312,64,0.40625
0,J,313,313,64,0.546875
0,J,314,314,64,0.453125
0,J,315,315,64,0.515625
0,J,316,316,64,0.484375
0,J,317,317,64,0.4375
0,J,318,318,64,0.53125
0,J,319,319,64,0.4375
0,J,320,320,64,0.46875
0,J,321,321,64,0.484375
0,J,322,322,64,0.34375
0,J,323,323,64,0.5
0,J,324,324,64,0.296875
0,J,325,325,64,0.390625
0,J,326,326,64,0.421875
0,J,327,327,64,0.4375
0,J,328,328,64,0.40625
0,J,329,329,64,0.390625
0,J,330,330,64,0.40625
0,J,331,331,64,0.515625
0,J,332,332,64,0.40625
0,J,333,333,64,0.40625
0,J,334,334,64,0.34375
0,J,335,335,64,0.375
0,J,336,336,64,0.40625
0,J,337,337,64,0.5
0,J,338,338,64,0.46875
0,J,339,339,64,0.390625
0,J,340,340,64,0.4375
0,J,341,341,64,0.390625
0,J,342,342,64,0.421875
0,J,343,343,64,0.296875
0,J,344,344,64,0.484375
0,J,345,345,64,0.453125
0,J,346,346,64,0.359375
0,J,347,347,64,0.453125
0,J,348,348,64,0.34375
0,J,349,349,64,0.3125
0,J,350,350,64,0.28125
0,J,351,351,64,0.375
0,J,352,352,64,0.328125
0,J,353,353,64,0.34375
0,J,354,354,64,0.421875
0,J,355,355,64,0.453125
0,J,356,356,64,0.296875
0,J,357,357,64,0.3125
0,J,358,358,64,0.453125
0,J,359,359,64,0.3125
0,J,360,360,64,0.359375
0,J,361,361,64,0.296875
0,J,362,362,64,0.421875
0,J,363,363,64,0.515625
0,J,364,364,64,0.234375
0,J,365,365,64,0.34375
0,J,366,366,64,0.328125
0,J,367,367,64,0.359375
0,J,368,368,64,0.40625
0,J,369,369,64,0.28125
0,J,370,370,64,0.3125
0,J,371,371,64,0.359375
0,J,372,372,64,0.34375
0,J,373,373,64,0.4375
0,J,374,374,64,0.25
0,J,375,375,64,0.328125
0,J,376,376,64,0.375
0,J,377,377,64,0.359375
0,J,378,378,64,0.40625
0,J,379,379,64,0.265625
0,J,380,380,64,0.34375
0,J,381,381,64,0.234375
0,J,382,382,64,0.1875
0,J,383,383,64,0.328125
0,J,384,384,64,0.25
0,J,385,385,64,0.359375
0,J,386,386,64,0.46875
0,J,387,387,64,0.21875
0,J,388,388,64,0.28125
0,J,389,389,64,0.3125
0,J,390,390,64,0.265625
0,J,391,391,64,0.265625
0,J,392,392,64,0.28125
0,J,393,393,64,0.296875
0,J,394,394,64,0.265625
0,J,395,395,64,0.359375
0,J,396,396,64,0.25
0,J,397,397,64,0.40625
0,J,398,398,64,0.328125
0,J,399,399,64,0.34375
0,J,400,400,64,0.328125
0,J,401,401,64,0.34375
0,J,402,402,64,0.359375
0,J,403,403,64,0.359375
0,J,404,404,64,0.265625
0,J,405,405,64,0.328125
0,J,406,406,64,0.203125
0,J,407,407,64,0.25
0,J,408,408,64,0.203125
0,J,409,409,64,0.203125
0,J,410,410,64,0.375
0,J,411,411,64,0.28125
0,J,412,412,64,0.234375
0,J,413,413,64,0.28125
0,J,414,414,64,0.25
0,J,415,415,64,0.40625
0,J,416,416,64,0.25
0,J,417,417,64,0.1875
0,J,418,418,64,0.359375
0,J,419,419,64,0.375
0,J,420,420,64,0.265625
0,J,421,421,64,0.34375
0,J,422,422,64,0.3125
0,J,423,423,64,0.25
0,J,424,424,64,0.25
0,J,425,425,64,0.359375
0,J,426,426,64,0.3125
0,J,427,427,64,0.1875
0,J,428,428,64,0.28125
0,J,429,429,64,0.359375
0,J,430,430,64,0.296875
0,J,431,431,64,0.1875
0,J,432,432,64,0.328125
0,J,433,433,64,0.15625
0,J,434,434,64,0.296875
0,J,435,435,64,0.40625
0,J,436,436,64,0.296875
0,J,437,437,64,0.21875
0,J,438,438,64,0.296875
0,J,439,439,64,0.21875
0,J,440,440,64,0.171875
0,J,441,441,64,0.1875
0,J,442,442,64,0.34375
0,J,443,443,64,0.359375
0,J,444,444,64,0.21875
0,J,445,445,64,0.21875
0,J,446,446,64,0.328125
0,J,447,447,64,0.328125
0,J,448,448,64,0.171875
0,J,449,449,64,0.1875
0,J,450,450,64,0.375
0,J,451,451,64,0.359375
0,J,452,452,64,0.25
0,J,453,453,64,0.25
0,J,454,454,64,0.203125
0,J,455,455,64,0.21875
0,J,456,456,64,0.28125
0,J,457,457,64,0.203125
0,J,458,458,64,0.28125
0,J,459,459,64,0.296875
0,J,460,460,64,0.203125
0,J,461,461,64,0.265625
0,J,462,462,64,0.328125
0,J,463,463,64,0.328125
0,J,464,464,64,0.21875
0,J,465,465,64,0.234375
0,J,466,466,64,0.359375
0,J,467,467,64,0.265625
0,J,468,468,64,0.203125
0,J,469,469,64,0.203125
0,J,470,470,64,0.203125
0,J,471,471,64,0.15625
0,J,472,472,64,0.21875
0,J,473,473,64,0.21875
0,J,474,474,64,0.265625
0,J,475,475,64,0.140625
0,J,476,476,64,0.203125
0,J,477,477,64,0.1875
0,J,478,478,64,0.21875
0,J,479,479,64,0.203125
0,J,480,480,64,0.171875
0,J,481,481,64,0.25
0,J,482,482,64,0.25
0,J,483,483,64,0.34375
0,J,484,484,64,0.25
0,J,485,485,64,0.1875
0,J,486,486,64,0.265625
0,J,487,487,64,0.34375
0,J,488,488,64,0.265625
0,J,489,489,64,0.265625
0,J,490,490,64,0.265625
0,J,491,491,64,0.3125
0,J,492,492,64,0.1875
0,J,493,493,64,0.1875
0,J,494,494,64,0.3125
0,J,495,495,64,0.3125
0,J,496,496,64,0.171875
0,J,497,497,64,0.234375
0,J,498,498,64,0.265625
0,J,499,499,64,0.21875
0,J,500,500,64,0.34375
0,raw,1,1,64,1.0
0,raw,2,2,64,1.0
0,raw,3,3,64,1.0
0,raw,4,4,64,1.0
0,raw,5,5,64,1.0
0,raw,6,6,64,1.0
0,raw,7,7,64,1.0
0,raw,8,8,64,1.0
0,raw,9,9,64,1.0
0,raw,10,10,64,1.0
0,raw,11,11,64,1.0
0,raw,12,12,64,1.0
0,raw,13,13,64,1.0
0,raw,14,14,64,1.0
0,raw,15,15,64,1.0
0,raw,16,16,64,1.0
0,raw,17,17,64,1.0
0,raw,18,18,64,1.0
0,raw,19,19,64,1.0
0,raw,20,20,64,1.0
0,raw,21,21,64,1.0
0,raw,22,22,64,1.0
0,raw,23,23,64,1.0
0,raw,24,24,64,1.0
0,raw,25,25,64,1.0
0,raw,26,26,64,1.0
0,raw,27,27,64,1.0
0,raw,28,28,64,1.0
0,raw,29,29,64,1.0
0,raw,30,30,64,1.0
0,raw,31,31,64,1.0
0,raw,32,32,64,1.0
0,raw,33,33,64,1.0
0,raw,34,34,64,1.0
0,raw,35,35,64,1.0
0,raw,36,36,64,1.0
0,raw,37,37,64,1.0
0,raw,38,38,64,1.0
0,raw,39,39,64,1.0
0,raw,40,40,64,1.0
0,raw,41,41,64,1.0
0,raw,42,42,64,1.0
0,raw,43,43,64,1.0
0,raw,44,44,64,1.0
0,raw,45,45,64,1.0
0,raw,46,46,64,1.0
0,raw,47,47,64,1.0
0,raw,48,48,64,1.0
0,raw,49,49,64,1.0
0,raw,50,50,64,1.0
0,raw,51,51,64,1.0
0,raw,52,52,64,1.0
0,raw,53,53,64,1.0
0,raw,54,54,64,1.0
0,raw,55,55,64,1.0
0,raw,56,56,64,1.0
0,raw,57,57,64,1.0
0,raw,58,58,64,1.0
0,raw,59,59,64,1.0
0,raw,60,60,64,1.0
0,raw,61,61,64,1.0
0,raw,62,62,64,1.0
0,raw,63,63,64,1.0
0,raw,64,64,64,1.0
0,raw,65,65,64,0.984375
0,raw,66,66,64,0.96875
0,raw,67,67,64,1.0
0,raw,68,68,64,1.0
0,raw,69,69,64,0.984375
0,raw,70,70,64,0.984375
0,raw,71,71,64,0.984375
0,raw,72,72,64,1.0
0,raw,73,73,64,1.0
0,raw,74,74,64,0.984375
0,raw,75,75,64,0.96875
0,raw,76,76,64,1.0
0,raw,77,77,64,1.0
0,raw,78,78,64,0.984375
0,raw,79,79,64,1.0
0,raw,80,80,64,0.984375
0,raw,81,81,64,1.0
0,raw,82,82,64,1.0
0,raw,83,83,64,1.0
0,raw,84,84,64,0.96875
0,raw,85,85,64,0.984375
0,raw,86,86,64,1.0
0,raw,87,87,64,0.984375
0,raw,88,88,64,0.953125
0,raw,89,89,64,0.984375
0,raw,90,90,64,1.0
0,raw,91,91,64,0.96875
0,raw,92,92,64,0.96875
0,raw,93,93,64,0.953125
0,raw,94,94,64,0.96875
0,raw,95,95,64,0.96875
0,raw,96,96,64,1.0
0,raw,97,97,64,0.96875
0,raw,98,98,64,1.0
0,raw,99,99,64,0.921875
0,raw,100,100,64,0.953125
0,raw,101,101,64,0.953125
0,raw,102,102,64,0.9375
0,raw,103,103,64,0.9375
0,raw,104,104,64,0.984375
0,raw,105,105,64,0.9375
0,raw,106,106,64,0.90625
0,raw,107,107,64,0.953125
0,raw,108,108,64,0.953125
0,raw,109,109,64,0.96875
0,raw,110,110,64,0.953125
0,raw,111,111,64,0.90625
0,raw,112,112,64,0.953125
0,raw,113,113,64,0.890625
0,raw,114,114,64,0.953125
0,raw,115,115,64,0.921875
0,raw,116,116,64,0.984375
0,raw,117,117,64,0.921875
0,raw,118,118,64,0.90625
0,raw,119,119,64,0.84375
0,raw,120,120,64,0.96875
0,raw,121,121,64,0.90625
0,raw,122,122,64,0.859375
0,raw,123,123,64,0.84375
0,raw,124,124,64,0.96875
0,raw,125,125,64,0.859375
0,raw,126,126,64,0.859375
0,raw,127,127,64,0.859375
0,raw,128,128,64,0.875
0,raw,129,129,64,0.828125
0,raw,130,130,64,0.828125
0,raw,131,131,64,0.78125
0,raw,132,132,64,0.828125
0,raw,133,133,64,0.828125
0,raw,134,134,64,0.875
0,raw,135,135,64,0.828125
0,raw,136,136,64,0.796875
0,raw,137,137,64,0.796875
0,raw,138,138,64,0.828125
0,raw,139,139,64,0.75
0,raw,140,140,64,0.734375
0,raw,141,141,64,0.75
0,raw,142,142,64,0.828125
0,raw,143,143,64,0.8125
0,raw,144,144,64,0.734375
0,raw,145,145,64,0.65625
0,raw,146,146,64,0.734375
0,raw,147,147,64,0.703125
0,raw,148,148,64,0.734375
0,raw,149,149,64,0.6875
0,raw,150,150,64,0.78125
0,raw,151,151,64,0.75
0,raw,152,152,64,0.625
0,raw,153,153,64,0.546875
0,raw,154,154,64,0.6875
0,raw,155,155,64,0.625
0,raw,156,156,64,0.6875
0,raw,157,157,64,0.609375
0,raw,158,158,64,0.703125
0,raw,159,159,64,0.609375
0,raw,160,160,64,0.625
0,raw,161,161,64,0.703125
0,raw,162,162,64,0.59375
0,raw,163,163,64,0.53125
0,raw,164,164,64,0.65625
0,raw,165,165,64,0.53125
0,raw,166,166,64,0.65625
0,raw,167,167,64,0.65625
0,raw,168,168,64,0.421875
0,raw,169,169,64,0.4375
0,raw,170,170,64,0.46875
0,raw,171,171,64,0.46875
0,raw,172,172,64,0.484375
0,raw,173,173,64,0.484375
0,raw,174,174,64,0.5
0,raw,175,175,64,0.5
0,raw,176,176,64,0.421875
0,raw,177,177,64,0.40625
0,raw,178,178,64,0.59375
0,raw,179,179,64,0.515625
0,raw,180,180,64,0.421875
0,raw,181,181,64,0.5
0,raw,182,182,64,0.453125
0,raw,183,183,64,0.53125
0,raw,184,184,64,0.390625
0,raw,185,185,64,0.34375
0,raw,186,186,64,0.46875
0,raw,187,187,64,0.4375
0,raw,188,188,64,0.328125
0,raw,189,189,64,0.421875
0,raw,190,190,64,0.453125
0,raw,191,191,64,0.375
0,raw,192,192,64,0.40625
0,raw,193,193,64,0.390625
0,raw,194,194,64,0.453125
0,raw,195,195,64,0.421875
0,raw,196,196,64,0.3125
0,raw,197,197,64,0.359375
0,raw,198,198,64,0.34375
0,raw,199,199,64,0.375
0,raw,200,200,64,0.3125
0,raw,201,201,64,0.359375
0,raw,202,202,64,0.34375
0,raw,203,203,64,0.390625
0,raw,204,204,64,0.359375
0,raw,205,205,64,0.34375
0,raw,206,206,64,0.390625
0,raw,207,207,64,0.234375
0,raw,208,208,64,0.28125
0,raw,209,209,64,0.1875
0,raw,210,210,64,0.40625
0,raw,211,211,64,0.3125
0,raw,212,212,64,0.234375
0,raw,213,213,64,0.265625
0,raw,214,214,64,0.28125
0,raw,215,215,64,0.265625
0,raw,216,216,64,0.234375
0,raw,217,217,64,0.28125
0,raw,218,218,64,0.25
0,raw,219,219,64,0.234375
0,raw,220,220,64,0.234375
0,raw,221,221,64,0.296875
0,raw,222,222,64,0.171875
0,raw,223,223,64,0.21875
0,raw,224,224,64,0.1875
0,raw,225,225,64,0.25
0,raw,226,226,64,0.234375
0,raw,227,227,64,0.171875
0,raw,228,228,64,0.234375
0,raw,229,229,64,0.21875
0,raw,230,230,64,0.234375
0,raw,231,231,64,0.234375
0,raw,232,232,64,0.265625
0,raw,233,233,64,0.1875
0,raw,234,234,64,0.25
0,raw,235,235,64,0.1875
0,raw,236,236,64,0.21875
0,raw,237,237,64,0.171875
0,raw,238,238,64,0.21875
0,raw,239,239,64,0.234375
0,raw,240,240,64,0.125
0,raw,241,241,64,0.1875
0,raw,242,242,64,0.265625
0,raw,243,243,64,0.1875
0,raw,244,244,64,0.1875
0,raw,245,245,64,0.234375
0,raw,246,246,64,0.234375
0,raw,247,247,64,0.1875
0,raw,248,248,64,0.203125
0,raw,249,249,64,0.296875
0,raw,250,250,64,0.15625
0,raw,251,251,64,0.25
0,raw,252,252,64,0.21875
0,raw,253,253,64,0.21875
0,raw,254,254,64,0.234375
0,raw,255,255,64,0.265625
0,raw,256,256,64,0.1875
0,raw,257,257,64,0.1875
0,raw,258,258,64,0.1875
0,raw,259,259,64,0.125
0,raw,260,260,64,0.140625
0,raw,261,261,64,0.15625
0,raw,262,262,64,0.203125
0,raw,263,263,64,0.21875
0,raw,264,264,64,0.125
0,raw,265,265,64,0.21875
0,raw,266,266,64,0.21875
0,raw,267,267,64,0.203125
0,raw,268,268,64,0.125
0,raw,269,269,64,0.203125
0,raw,270,270,64,0.203125
0,raw,271,271,64,0.203125
0,raw,272,272,64,0.0625
0,raw,273,273,64,0.203125
0,raw,274,274,64,0.125
0,raw,275,275,64,0.140625
0,raw,276,276,64,0.203125
0,raw,277,277,64,0.1875
0,raw,278,278,64,0.234375
0,raw,279,279,64,0.21875
0,raw,280,280,64,0.125
0,raw,281,281,64,0.234375
0,raw,282,282,64,0.1875
0,raw,283,283,64,0.15625
0,raw,284,284,64,0.09375
0,raw,285,285,64,0.28125
0,raw,286,286,64,0.140625
0,raw,287,287,64,0.28125
0,raw,288,288,64,0.109375
0,raw,289,289,64,0.203125
0,raw,290,290,64,0.203125
0,raw,291,291,64,0.1875
0,raw,292,292,64,0.109375
0,raw,293,293,64,0.21875
0,raw,294,294,64,0.171875
0,raw,295,295,64,0.25
0,raw,296,296,64,0.125
0,raw,297,297,64,0.1875
0,raw,298,298,64,0.109375
0,raw,299,299,64,0.234375
0,raw,300,300,64,0.09375
0,raw,301,301,64,0.28125
0,raw,302,302,64,0.28125
0,raw,303,303,64,0.234375
0,raw,304,304,64,0.203125
0,raw,305,305,64,0.1875
0,raw,306,306,64,0.09375
0,raw,307,307,64,0.125
0,raw,308,308,64,0.09375
0,raw,309,309,64,0.09375
0,raw,310,310,64,0.15625
0,raw,311,311,64,0.109375
0,raw,312,312,64,0.171875
0,raw,313,313,64,0.234375
0,raw,314,314,64,0.140625
0,raw,315,315,64,0.25
0,raw,316,316,64,0.078125
0,raw,317,317,64,0.125
0,raw,318,318,64,0.25
0,raw,319,319,64,0.203125
0,raw,320,320,64,0.125
0,raw,321,321,64,0.1875
0,raw,322,322,64,0.171875
0,raw,323,323,64,0.1875
0,raw,324,324,64,0.125
0,raw,325,325,64,0.140625
0,raw,326,326,64,0.125
0,raw,327,327,64,0.1875
0,raw,328,328,64,0.046875
0,raw,329,329,64,0.265625
0,raw,330,330,64,0.140625
0,raw,331,331,64,0.140625
0,raw,332,332,64,0.140625
0,raw,333,333,64,0.09375
0,raw,334,334,64,0.140625
0,raw,335,335,64,0.265625
0,raw,336,336,64,0.0625
0,raw,337,337,64,0.140625
0,raw,338,338,64,0.234375
0,raw,339,339,64,0.1875
0,raw,340,340,64,0.078125
0,raw,341,341,64,0.171875
0,raw,342,342,64,0.25
0,raw,343,343,64,0.140625
0,raw,344,344,64,0.140625
0,raw,345,345,64,0.125
0,raw,346,346,64,0.21875
0,raw,347,347,64,0.15625
0,raw,348,348,64,0.203125
0,raw,349,349,64,0.15625
0,raw,350,350,64,0.25
0,raw,351,351,64,0.171875
0,raw,352,352,64,0.171875
0,raw,353,353,64,0.171875
0,raw,354,354,64,0.25
0,raw,355,355,64,0.25
0,raw,356,356,64,0.15625
0,raw,357,357,64,0.140625
0,raw,358,358,64,0.203125
0,raw,359,359,64,0.171875
0,raw,360,360,64,0.234375
0,raw,361,361,64,0.1875
0,raw,362,362,64,0.265625
0,raw,363,363,64,0.25
0,raw,364,364,64,0.109375
0,raw,365,365,64,0.203125
0,raw,366,366,64,0.140625
0,raw,367,367,64,0.15625
0,raw,368,368,64,0.171875
0,raw,369,369,64,0.1875
0,raw,370,370,64,0.15625
0,raw,371,371,64,0.25
0,raw,372,372,64,0.234375
0,raw,373,373,64,0.28125
0,raw,374,374,64,0.265625
0,raw,375,375,64,0.1875
0,raw,376,376,64,0.203125
0,raw,377,377,64,0.265625
0,raw,378,378,64,0.203125
0,raw,379,379,64,0.21875
0,raw,380,380,64,0.234375
0,raw,381,381,64,0.15625
0,raw,382,382,64,0.171875
0,raw,383,383,64,0.1875
0,raw,384,384,64,0.09375
0,raw,385,385,64,0.203125
0,raw,386,386,64,0.21875
0,raw,387,387,64,0.15625
0,raw,388,388,64,0.125
0,raw,389,389,64,0.21875
0,raw,390,390,64,0.171875
0,raw,391,391,64,0.203125
0,raw,392,392,64,0.203125
0,raw,393,393,64,0.171875
0,raw,394,394,64,0.203125
0,raw,395,395,64,0.21875
0,raw,396,396,64,0.21875
0,raw,397,397,64,0.21875
0,raw,398,398,64,0.203125
0,raw,399,399,64,0.25
0,raw,400,400,64,0.21875
0,raw,401,401,64,0.25
0,raw,402,402,64,0.1875
0,raw,403,403,64,0.171875
0,raw,404,404,64,0.171875
0,raw,405,405,64,0.234375
0,raw,406,406,64,0.1875
0,raw,407,407,64,0.1875
0,raw,408,408,64,0.1875
0,raw,409,409,64,0.203125
0,raw,410,410,64,0.203125
0,raw,411,411,64,0.140625
0,raw,412,412,64,0.171875
0,raw,413,413,64,0.15625
0,raw,414,414,64,0.234375
0,raw,415,415,64,0.328125
0,raw,416,416,64,0.15625
0,raw,417,417,64,0.171875
0,raw,418,418,64,0.25
0,raw,419,419,64,0.3125
0,raw,420,420,64,0.3125
0,raw,421,421,64,0.25
0,raw,422,422,64,0.40625
0,raw,423,423,64,0.28125
0,raw,424,424,64,0.203125
0,raw,425,425,64,0.265625
0,raw,426,426,64,0.203125
0,raw,427,427,64,0.1875
0,raw,428,428,64,0.3125
0,raw,429,429,64,0.375
0,raw,430,430,64,0.421875
0,raw,431,431,64,0.328125
0,raw,432,432,64,0.296875
0,raw,433,433,64,0.234375
0,raw,434,434,64,0.265625
0,raw,435,435,64,0.390625
0,raw,436,436,64,0.40625
0,raw,437,437,64,0.21875
0,raw,438,438,64,0.390625
0,raw,439,439,64,0.1875
0,raw,440,440,64,0.3125
0,raw,441,441,64,0.265625
0,raw,442,442,64,0.296875
0,raw,443,443,64,0.25
0,raw,444,444,64,0.265625
0,raw,445,445,64,0.296875
0,raw,446,446,64,0.375
0,raw,447,447,64,0.375
0,raw,448,448,64,0.28125
0,raw,449,449,64,0.328125
0,raw,450,450,64,0.484375
0,raw,451,451,64,0.375
0,raw,452,452,64,0.296875
0,raw,453,453,64,0.328125
0,raw,454,454,64,0.3125
0,raw,455,455,64,0.34375
0,raw,456,456,64,0.328125
0,raw,457,457,64,0.359375
0,raw,458,458,64,0.421875
0,raw,459,459,64,0.328125
0,raw,460,460,64,0.359375
0,raw,461,461,64,0.40625
0,raw,462,462,64,0.484375
0,raw,463,463,64,0.359375
0,raw,464,464,64,0.296875
0,raw,465,465,64,0.34375
0,raw,466,466,64,0.40625
0,raw,467,467,64,0.359375
0,raw,468,468,64,0.328125
0,raw,469,469,64,0.359375
0,raw,470,470,64,0.390625
0,raw,471,471,64,0.296875
0,raw,472,472,64,0.53125
0,raw,473,473,64,0.28125
0,raw,474,474,64,0.375
0,raw,475,475,64,0.3125
0,raw,476,476,64,0.421875
0,raw,477,477,64,0.375
0,raw,478,478,64,0.484375
0,raw,479,479,64,0.515625
0,raw,480,480,64,0.375
0,raw,481,481,64,0.3125
0,raw,482,482,64,0.421875
0,raw,483,483,64,0.4375
0,raw,484,484,64,0.390625
0,raw,485,485,64,0.421875
0,raw,486,486,64,0.421875
0,raw,487,487,64,0.640625
0,raw,488,488,64,0.390625
0,raw,489,489,64,0.390625
0,raw,490,490,64,0.5
0,raw,491,491,64,0.515625
0,raw,492,492,64,0.421875
0,raw,493,493,64,0.515625
0,raw,494,494,64,0.421875
0,raw,495,495,64,0.5
0,raw,496,496,64,0.421875
0,raw,497,497,64,0.40625
0,raw,498,498,64,0.484375
0,raw,499,499,64,0.484375
0,raw,500,500,64,0.421875
1,J,1,1,64,1.0
1,J,2,2,64,1.0
1,J,3,3,64,1.0
1,J,4,4,64,1.0
1,J,5,5,64,1.0
1,J,6,6,64,1.0
1,J,7,7,64,1.0
1,J,8,8,64,1.0
1,J,9,9,64,1.0
1,J,10,10,64,1.0
1,J,11,11,64,1.0
1,J,12,12,64,1.0
1,J,13,13,64,1.0
1,J,14,14,64,1.0
1,J,15,15,64,1.0
1,J,16,16,64,1.0
1,J,17,17,64,1.0
1,J,18,18,64,1.0
1,J,19,19,64,1.0
1,J,20,20,64,1.0
1,J,21,21,64,1.0
1,J,22,22,64,1.0
1,J,23,23,64,1.0
1,J,24,24,64,1.0
1,J,25,25,64,1.0
1,J,26,26,64,1.0
1,J,27,27,64,1.0
1,J,28,28,64,1.0
1,J,29,29,64,1.0
1,J,30,30,64,1.0
1,J,31,31,64,1.0
1,J,32,32,64,1.0
1,J,33,33,64,1.0
1,J,34,34,64,1.0
1,J,35,35,64,1.0
1,J,36,36,64,1.0
1,J,37,37,64,1.0
1,J,38,38,64,1.0
1,J,39,39,64,1.0
1,J,40,40,64,1.0
1,J,41,41,64,1.0
1,J,42,42,64,1.0
1,J,43,43,64,1.0
1,J,44,44,64,1.0
1,J,45,45,64,1.0
1,J,46,46,64,1.0
1,J,47,47,64,1.0
1,J,48,48,64,1.0
1,J,49,49,64,1.0
1,J,50,50,64,1.0
1,J,51,51,64,1.0
1,J,52,52,64,1.0
1,J,53,53,64,1.0
1,J,54,54,64,1.0
1,J,55,55,64,1.0
1,J,56,56,64,1.0
1,J,57,57,64,1.0
1,J,58,58,64,1.0
1,J,59,59,64,1.0
1,J,60,60,64,1.0
1,J,61,61,64,1.0
1,J,62,62,64,1.0
1,J,63,63,64,1.0
1,J,64,64,64,1.0
1,J,65,65,64,1.0
1,J,66,66,64,1.0
1,J,67,67,64,1.0
1,J,68,68,64,1.0
1,J,69,69,64,1.0
1,J,70,70,64,1.0
1,J,71,71,64,1.0
1,J,72,72,64,1.0
1,J,73,73,64,0.984375
1,J,74,74,64,1.0
1,J,75,75,64,0.984375
1,J,76,76,64,0.984375
1,J,77,77,64,0.96875
1,J,78,78,64,1.0
1,J,79,79,64,1.0
1,J,80,80,64,0.96875
1,J,81,81,64,0.96875
1,J,82,82,64,1.0
1,J,83,83,64,0.984375
1,J,84,84,64,0.890625
1,J,85,85,64,0.953125
1,J,86,86,64,0.9375
1,J,87,87,64,0.96875
1,J,88,88,64,0.890625
1,J,89,89,64,0.9375
1,J,90,90,64,0.796875
1,J,91,91,64,0.9375
1,J,92,92,64,0.8125
1,J,93,93,64,0.84375
1,J,94,94,64,0.828125
1,J,95,95,64,0.859375
1,J,96,96,64,0.75
1,J,97,97,64,0.828125
1,J,98,98,64,0.828125
1,J,99,99,64,0.71875
1,J,100,100,64,0.78125
1,J,101,101,64,0.8125
1,J,102,102,64,0.703125
1,J,103,103,64,0.734375
1,J,104,104,64,0.671875
1,J,105,105,64,0.71875
1,J,106,106,64,0.765625
1,J,107,107,64,0.65625
1,J,108,108,64,0.703125
1,J,109,109,64,0.609375
1,J,110,110,64,0.515625
1,J,111,111,64,0.4375
1,J,112,112,64,0.515625
1,J,113,113,64,0.5625
1,J,114,114,64,0.515625
1,J,115,115,64,0.578125
1,J,116,116,64,0.46875
1,J,117,117,64,0.46875
1,J,118,118,64,0.375
1,J,119,119,64,0.4375
1,J,120,120,64,0.453125
1,J,121,121,64,0.453125
1,J,122,122,64,0.28125
1,J,123,123,64,0.296875
1,J,124,124,64,0.390625
1,J,125,125,64,0.40625
1,J,126,126,64,0.296875
1,J,127,127,64,0.34375
1,J,128,128,64,0.453125
1,J,129,129,64,0.359375
1,J,130,130,64,0.265625
1,J,131,131,64,0.375
1,J,132,132,64,0.21875
1,J,133,133,64,0.34375
1,J,134,134,64,0.34375
1,J,135,135,64,0.375
1,J,136,136,64,0.15625
1,J,137,137,64,0.21875
1,J,138,138,64,0.15625
1,J,139,139,64,0.328125
1,J,140,140,64,0.1875
1,J,141,141,64,0.265625
1,J,142,142,64,0.265625
1,J,143,143,64,0.234375
1,J,144,144,64,0.25
1,J,145,145,64,0.265625
1,J,146,146,64,0.15625
1,J,147,147,64,0.203125
1,J,148,148,64,0.1875
1,J,149,149,64,0.21875
1,J,150,150,64,0.125
1,J,151,151,64,0.203125
1,J,152,152,64,0.15625
1,J,153,153,64,0.234375
1,J,154,154,64,0.171875
1,J,155,155,64,0.1875
1,J,156,156,64,0.1875
1,J,157,157,64,0.234375
1,J,158,158,64,0.140625
1,J,159,159,64,0.140625
1,J,160,160,64,0.15625
1,J,161,161,64,0.171875
1,J,162,162,64,0.125
1,J,163,163,64,0.171875
1,J,164,164,64,0.078125
1,J,165,165,64,0.125
1,J,166,166,64,0.203125
1,J,167,167,64,0.109375
1,J,168,168,64,0.15625
1,J,169,169,64,0.125
1,J,170,170,64,0.078125
1,J,171,171,64,0.125
1,J,172,172,64,0.09375
1,J,173,173,64,0.0625
1,J,174,174,64,0.140625
1,J,175,175,64,0.109375
1,J,176,176,64,0.125
1,J,177,177,64,0.09375
1,J,178,178,64,0.078125
1,J,179,179,64,0.109375
1,J,180,180,64,0.09375
1,J,181,181,64,0.09375
1,J,182,182,64,0.171875
1,J,183,183,64,0.0625
1,J,184,184,64,0.125
1,J,185,185,64,0.125
1,J,186,186,64,0.09375
1,J,187,187,64,0.09375
1,J,188,188,64,0.09375
1,J,189,189,64,0.1875
1,J,190,190,64,0.03125
1,J,191,191,64,0.125
1,J,192,192,64,0.15625
1,J,193,193,64,0.1875
1,J,194,194,64,0.109375
1,J,195,195,64,0.109375
1,J,196,196,64,0.140625
1,J,197,197,64,0.09375
1,J,198,198,64,0.078125
1,J,199,199,64,0.125
1,J,200,200,64,0.1875
1,J,201,201,64,0.140625
1,J,202,202,64,0.21875
1,J,203,203,64,0.078125
1,J,204,204,64,0.109375
1,J,205,205,64,0.171875
1,J,206,206,64,0.09375
1,J,207,207,64,0.140625
1,J,208,208,64,0.15625
1,J,209,209,64,0.09375
1,J,210,210,64,0.125
1,J,211,211,64,0.171875
1,J,212,212,64,0.171875
1,J,213,213,64,0.171875
1,J,214,214,64,0.1875
1,J,215,215,64,0.203125
1,J,216,216,64,0.140625
1,J,217,217,64,0.25
1,J,218,218,64,0.15625
1,J,219,219,64,0.1875
1,J,220,220,64,0.234375
1,J,221,221,64,0.28125
1,J,222,222,64,0.28125
1,J,223,223,64,0.21875
1,J,224,224,64,0.265625
1,J,225,225,64,0.296875
1,J,226,226,64,0.296875
1,J,227,227,64,0.203125
1,J,228,228,64,0.265625
1,J,229,229,64,0.34375
1,J,230,230,64,0.21875
1,J,231,231,64,0.265625
1,J,232,232,64,0.234375
1,J,233,233,64,0.390625
1,J,234,234,64,0.40625
1,J,235,235,64,0.421875
1,J,236,236,64,0.4375
1,J,237,237,64,0.4375
1,J,238,238,64,0.484375
1,J,239,239,64,0.359375
1,J,240,240,64,0.375
1,J,241,241,64,0.390625
1,J,242,242,64,0.359375
1,J,243,243,64,0.453125
1,J,244,244,64,0.453125
1,J,245,245,64,0.53125
1,J,246,246,64,0.515625
1,J,247,247,64,0.40625
1,J,248,248,64,0.5
1,J,249,249,64,0.359375
1,J,250,250,64,0.5
1,J,251,251,64,0.453125
1,J,252,252,64,0.453125
1,J,253,253,64,0.3125
1,J,254,254,64,0.375
1,J,255,255,64,0.53125
1,J,256,256,64,0.453125
1,J,257,257,64,0.4375
1,J,258,258,64,0.484375
1,J,259,259,64,0.4375
1,J,260,260,64,0.46875
1,J,261,261,64,0.46875
1,J,262,262,64,0.375
1,J,263,263,64,0.484375
1,J,264,264,64,0.40625
1,J,265,265,64,0.453125
1,J,266,266,64,0.515625
1,J,267,267,64,0.421875
1,J,268,268,64,0.59375
1,J,269,269,64,0.59375
1,J,270,270,64,0.546875
1,J,271,271,64,0.5625
1,J,272,272,64,0.5625
1,J,273,273,64,0.5
1,J,274,274,64,0.53125
1,J,275,275,64,0.5625
1,J,276,276,64,0.609375
1,J,277,277,64,0.5
1,J,278,278,64,0.53125
1,J,279,279,64,0.625
1,J,280,280,64,0.46875
1,J,281,281,64,0.59375
1,J,282,282,64,0.515625
1,J,283,283,64,0.5625
1,J,284,284,64,0.609375
1,J,285,285,64,0.59375
1,J,286,286,64,0.578125
1,J,287,287,64,0.640625
1,J,288,288,64,0.4375
1,J,289,289,64,0.609375
1,J,290,290,64,0.53125
1,J,291,291,64,0.609375
1,J,292,292,64,0.5
1,J,293,293,64,0.53125
1,J,294,294,64,0.515625
1,J,295,295,64,0.640625
1,J,296,296,64,0.609375
1,J,297,297,64,0.703125
1,J,298,298,64,0.625
1,J,299,299,64,0.609375
1,J,300,300,64,0.59375
1,J,301,301,64,0.640625
1,J,302,302,64,0.515625
1,J,303,303,64,0.625
1,J,304,304,64,0.6875
1,J,305,305,64,0.625
1,J,306,306,64,0.6875
1,J,307,307,64,0.6875
1,J,308,308,64,0.578125
1,J,309,309,64,0.625
1,J,310,310,64,0.625
1,J,311,311,64,0.5625
1,J,312,312,64,0.75
1,J,313,313,64,0.671875
1,J,314,314,64,0.703125
1,J,315,315,64,0.75
1,J,316,316,64,0.609375
1,J,317,317,64,0.640625
1,J,318,318,64,0.609375
1,J,319,319,64,0.703125
1,J,320,320,64,0.671875
1,J,321,321,64,0.640625
1,J,322,322,64,0.625
1,J,323,323,64,0.75
1,J,324,324,64,0.59375
1,J,325,325,64,0.609375
1,J,326,326,64,0.671875
1,J,327,327,64,0.671875
1,J,328,328,64,0.5
1,J,329,329,64,0.625
1,J,330,330,64,0.609375
1,J,331,331,64,0.6875
1,J,332,332,64,0.625
1,J,333,333,64,0.703125
1,J,334,334,64,0.609375
1,J,335,335,64,0.625
1,J,336,336,64,0.578125
1,J,337,337,64,0.609375
1,J,338,338,64,0.625
1,J,339,339,64,0.625
1,J,340,340,64,0.734375
1,J,341,341,64,0.8125
1,J,342,342,64,0.734375
1,J,343,343,64,0.703125
1,J,344,344,64,0.5625
1,J,345,345,64,0.6875
1,J,346,346,64,0.65625
1,J,347,347,64,0.703125
1,J,348,348,64,0.71875
1,J,349,349,64,0.640625
1,J,350,350,64,0.65625
1,J,351,351,64,0.640625
1,J,352,352,64,0.703125
1,J,353,353,64,0.6875
1,J,354,354,64,0.703125
1,J,355,355,64,0.5625
1,J,356,356,64,0.609375
1,J,357,357,64,0.578125
1,J,358,358,64,0.578125
1,J,359,359,64,0.671875
1,J,360,360,64,0.546875
1,J,361,361,64,0.65625
1,J,362,362,64,0.546875
1,J,363,363,64,0.59375
1,J,364,364,64,0.578125
1,J,365,365,64,0.59375
1,J,366,366,64,0.625
1,J,367,367,64,0.625
1,J,368,368,64,0.640625
1,J,369,369,64,0.65625
1,J,370,370,64,0.5
1,J,371,371,64,0.703125
1,J,372,372,64,0.59375
1,J,373,373,64,0.609375
1,J,374,374,64,0.625
1,J,375,375,64,0.578125
1,J,376,376,64,0.515625
1,J,377,377,64,0.515625
1,J,378,378,64,0.75
1,J,379,379,64,0.609375
1,J,380,380,64,0.5625
1,J,381,381,64,0.578125
1,J,382,382,64,0.5625
1,J,383,383,64,0.671875
1,J,384,384,64,0.53125
1,J,385,385,64,0.625
1,J,386,386,64,0.578125
1,J,387,387,64,0.59375
1,J,388,388,64,0.515625
1,J,389,389,64,0.59375
1,J,390,390,64,0.546875
1,J,391,391,64,0.53125
1,J,392,392,64,0.640625
1,J,393,393,64,0.6875
1,J,394,394,64,0.59375
1,J,395,395,64,0.46875
1,J,396,396,64,0.578125
1,J,397,397,64,0.5625
1,J,398,398,64,0.515625
1,J,399,399,64,0.578125
1,J,400,400,64,0.578125
1,J,401,401,64,0.65625
1,J,402,402,64,0.609375
1,J,403,403,64,0.59375
1,J,404,404,64,0.515625
1,J,405,405,64,0.625
1,J,406,406,64,0.578125
1,J,407,407,64,0.546875
1,J,408,408,64,0.59375
1,J,409,409,64,0.5625
1,J,410,410,64,0.65625
1,J,411,411,64,0.609375
1,J,412,412,64,0.609375
1,J,413,413,64,0.671875
1,J,414,414,64,0.578125
1,J,415,415,64,0.46875
1,J,416,416,64,0.5625
1,J,417,417,64,0.5
1,J,418,418,64,0.59375
1,J,419,419,64,0.5625
1,J,420,420,64,0.546875
1,J,421,421,64,0.59375
1,J,422,422,64,0.59375
1,J,423,423,64,0.609375
1,J,424,424,64,0.515625
1,J,425,425,64,0.515625
1,J,426,426,64,0.515625
1,J,427,427,64,0.5
1,J,428,428,64,0.515625
1,J,429,429,64,0.5625
1,J,430,430,64,0.46875
1,J,431,431,64,0.5625
1,J,432,432,64,0.53125
1,J,433,433,64,0.515625
1,J,434,434,64,0.53125
1,J,435,435,64,0.609375
1,J,436,436,64,0.46875
1,J,437,437,64,0.5
1,J,438,438,64,0.59375
1,J,439,439,64,0.46875
1,J,440,440,64,0.5
1,J,441,441,64,0.4375
1,J,442,442,64,0.484375
1,J,443,443,64,0.453125
1,J,444,444,64,0.46875
1,J,445,445,64,0.65625
1,J,446,446,64,0.46875
1,J,447,447,64,0.453125
1,J,448,448,64,0.4375
1,J,449,449,64,0.484375
1,J,450,450,64,0.515625
1,J,451,451,64,0.4375
1,J,452,452,64,0.5
1,J,453,453,64,0.578125
1,J,454,454,64,0.40625
1,J,455,455,64,0.515625
1,J,456,456,64,0.484375
1,J,457,457,64,0.484375
1,J,458,458,64,0.59375
1,J,459,459,64,0.53125
1,J,460,460,64,0.453125
1,J,461,461,64,0.578125
1,J,462,462,64,0.46875
1,J,463,463,64,0.453125
1,J,464,464,64,0.46875
1,J,465,465,64,0.59375
1,J,466,466,64,0.46875
1,J,467,467,64,0.421875
1,J,468,468,64,0.484375
1,J,469,469,64,0.375
1,J,470,470,64,0.59375
1,J,471,471,64,0.5625
1,J,472,472,64,0.375
1,J,473,473,64,0.609375
1,J,474,474,64,0.546875
1,J,475,475,64,0.375
1,J,476,476,64,0.578125
1,J,477,477,64,0.453125
1,J,478,478,64,0.453125
1,J,479,479,64,0.53125
1,J,480,480,64,0.5
1,J,481,481,64,0.546875
1,J,482,482,64,0.546875
1,J,483,483,64,0.484375
1,J,484,484,64,0.4375
1,J,485,485,64,0.453125
1,J,486,486,64,0.484375
1,J,487,487,64,0.421875
1,J,488,488,64,0.46875
1,J,489,489,64,0.46875
1,J,490,490,64,0.390625
1,J,491,491,64,0.5
1,J,492,492,64,0.390625
1,J,493,493,64,0.40625
1,J,494,494,64,0.296875
1,J,495,495,64,0.4375
1,J,496,496,64,0.53125
1,J,497,497,64,0.53125
1,J,498,498,64,0.484375
1,J,499,499,64,0.609375
1,J,500,500,64,0.390625
1,raw,1,1,64,1.0
1,raw,2,2,64,1.0
1,raw,3,3,64,1.0
1,raw,4,4,64,1.0
1,raw,5,5,64,1.0
1,raw,6,6,64,1.0
1,raw,7,7,64,1.0
1,raw,8,8,64,1.0
1,raw,9,9,64,1.0
1,raw,10,10,64,1.0
1,raw,11,11,64,1.0
1,raw,12,12,64,1.0
1,raw,13,13,64,1.0
1,raw,14,14,64,1.0
1,raw,15,15,64,1.0
1,raw,16,16,64,1.0
1,raw,17,17,64,1.0
1,raw,18,18,64,1.0
1,raw,19,19,64,1.0
1,raw,20,20,64,1.0
1,raw,21,21,64,1.0
1,raw,22,22,64,1.0
1,raw,23,23,64,1.0
1,raw,24,24,64,1.0
1,raw,25,25,64,1.0
1,raw,26,26,64,1.0
1,raw,27,27,64,1.0
1,raw,28,28,64,1.0
1,raw,29,29,64,1.0
1,raw,30,30,64,1.0
1,raw,31,31,64,1.0
1,raw,32,32,64,1.0
1,raw,33,33,64,1.0
1,raw,34,34,64,1.0
1,raw,35,35,64,1.0
1,raw,36,36,64,1.0
1,raw,37,37,64,1.0
1,raw,38,38,64,1.0
1,raw,39,39,64,1.0
1,raw,40,40,64,1.0
1,raw,41,41,64,1.0
1,raw,42,42,64,1.0
1,raw,43,43,64,1.0
1,raw,44,44,64,1.0
1,raw,45,45,64,1.0
1,raw,46,46,64,1.0
1,raw,47,47,64,1.0
1,raw,48,48,64,1.0
1,raw,49,49,64,1.0
1,raw,50,50,64,1.0
1,raw,51,51,64,1.0
1,raw,52,52,64,1.0
1,raw,53,53,64,1.0
1,raw,54,54,64,1.0
1,raw,55,55,64,1.0
1,raw,56,56,64,1.0
1,raw,57,57,64,1.0
1,raw,58,58,64,1.0
1,raw,59,59,64,1.0
1,raw,60,60,64,1.0
1,raw,61,61,64,1.0
1,raw,62,62,64,1.0
1,raw,63,63,64,1.0
1,raw,64,64,64,1.0
1,raw,65,65,64,1.0
1,raw,66,66,64,1.0
1,raw,67,67,64,1.0
1,raw,68,68,64,0.984375
1,raw,69,69,64,1.0
1,raw,70,70,64,1.0
1,raw,71,71,64,0.984375
1,raw,72,72,64,0.984375
1,raw,73,73,64,0.984375
1,raw,74,74,64,1.0
1,raw,75,75,64,0.984375
1,raw,76,76,64,0.96875
1,raw,77,77,64,0.9375
1,raw,78,78,64,0.96875
1,raw,79,79,64,0.984375
1,raw,80,80,64,0.9375
1,raw,81,81,64,0.9375
1,raw,82,82,64,0.984375
1,raw,83,83,64,0.96875
1,raw,84,84,64,0.84375
1,raw,85,85,64,0.875
1,raw,86,86,64,0.84375
1,raw,87,87,64,0.859375
1,raw,88,88,64,0.859375
1,raw,89,89,64,0.90625
1,raw,90,90,64,0.78125
1,raw,91,91,64,0.9375
1,raw,92,92,64,0.75
1,raw,93,93,64,0.859375
1,raw,94,94,64,0.734375
1,raw,95,95,64,0.765625
1,raw,96,96,64,0.671875
1,raw,97,97,64,0.734375
1,raw,98,98,64,0.734375
1,raw,99,99,64,0.65625
1,raw,100,100,64,0.765625
1,raw,101,101,64,0.71875
1,raw,102,102,64,0.5625
1,raw,103,103,64,0.59375
1,raw,104,104,64,0.609375
1,raw,105,105,64,0.625
1,raw,106,106,64,0.65625
1,raw,107,107,64,0.59375
1,raw,108,108,64,0.609375
1,raw,109,109,64,0.515625
1,raw,110,110,64,0.53125
1,raw,111,111,64,0.40625
1,raw,112,112,64,0.40625
1,raw,113,113,64,0.484375
1,raw,114,114,64,0.46875
1,raw,115,115,64,0.5625
1,raw,116,116,64,0.375
1,raw,117,117,64,0.421875
1,raw,118,118,64,0.3125
1,raw,119,119,64,0.390625
1,raw,120,120,64,0.375
1,raw,121,121,64,0.34375
1,raw,122,122,64,0.234375
1,raw,123,123,64,0.234375
1,raw,124,124,64,0.34375
1,raw,125,125,64,0.3125
1,raw,126,126,64,0.234375
1,raw,127,127,64,0.234375
1,raw,128,128,64,0.375
1,raw,129,129,64,0.171875
1,raw,130,130,64,0.21875
1,raw,131,131,64,0.28125
1,raw,132,132,64,0.171875
1,raw,133,133,64,0.265625
1,raw,134,134,64,0.15625
1,raw,135,135,64,0.234375
1,raw,136,136,64,0.125
1,raw,137,137,64,0.203125
1,raw,138,138,64,0.109375
1,raw,139,139,64,0.203125
1,raw,140,140,64,0.109375
1,raw,141,141,64,0.234375
1,raw,142,142,64,0.171875
1,raw,143,143,64,0.21875
1,raw,144,144,64,0.234375
1,raw,145,145,64,0.1875
1,raw,146,146,64,0.109375
1,raw,147,147,64,0.125
1,raw,148,148,64,0.109375
1,raw,149,149,64,0.09375
1,raw,150,150,64,0.078125
1,raw,151,151,64,0.15625
1,raw,152,152,64,0.125
1,raw,153,153,64,0.140625
1,raw,154,154,64,0.078125
1,raw,155,155,64,0.15625
1,raw,156,156,64,0.140625
1,raw,157,157,64,0.125
1,raw,158,158,64,0.078125
1,raw,159,159,64,0.0625
1,raw,160,160,64,0.109375
1,raw,161,161,64,0.15625
1,raw,162,162,64,0.109375
1,raw,163,163,64,0.125
1,raw,164,164,64,0.046875
1,raw,165,165,64,0.0625
1,raw,166,166,64,0.15625
1,raw,167,167,64,0.09375
1,raw,168,168,64,0.125
1,raw,169,169,64,0.046875
1,raw,170,170,64,0.046875
1,raw,171,171,64,0.109375
1,raw,172,172,64,0.09375
1,raw,173,173,64,0.0625
1,raw,174,174,64,0.140625
1,raw,175,175,64,0.109375
1,raw,176,176,64,0.109375
1,raw,177,177,64,0.0625
1,raw,178,178,64,0.078125
1,raw,179,179,64,0.109375
1,raw,180,180,64,0.046875
1,raw,181,181,64,0.03125
1,raw,182,182,64,0.140625
1,raw,183,183,64,0.046875
1,raw,184,184,64,0.109375
1,raw,185,185,64,0.125
1,raw,186,186,64,0.078125
1,raw,187,187,64,0.078125
1,raw,188,188,64,0.046875
1,raw,189,189,64,0.171875
1,raw,190,190,64,0.03125
1,raw,191,191,64,0.109375
1,raw,192,192,64,0.140625
1,raw,193,193,64,0.15625
1,raw,194,194,64,0.109375
1,raw,195,195,64,0.15625
1,raw,196,196,64,0.140625
1,raw,197,197,64,0.109375
1,raw,198,198,64,0.078125
1,raw,199,199,64,0.125
1,raw,200,200,64,0.1875
1,raw,201,201,64,0.125
1,raw,202,202,64,0.21875
1,raw,203,203,64,0.078125
1,raw,204,204,64,0.125
1,raw,205,205,64,0.203125
1,raw,206,206,64,0.125
1,raw,207,207,64,0.15625
1,raw,208,208,64,0.203125
1,raw,209,209,64,0.109375
1,raw,210,210,64,0.140625
1,raw,211,211,64,0.15625
1,raw,212,212,64,0.234375
1,raw,213,213,64,0.1875
1,raw,214,214,64,0.234375
1,raw,215,215,64,0.234375
1,raw,216,216,64,0.203125
1,raw,217,217,64,0.28125
1,raw,218,218,64,0.15625
1,raw,219,219,64,0.21875
1,raw,220,220,64,0.25
1,raw,221,221,64,0.296875
1,raw,222,222,64,0.328125
1,raw,223,223,64,0.265625
1,raw,224,224,64,0.3125
1,raw,225,225,64,0.28125
1,raw,226,226,64,0.359375
1,raw,227,227,64,0.328125
1,raw,228,228,64,0.34375
1,raw,229,229,64,0.390625
1,raw,230,230,64,0.25
1,raw,231,231,64,0.265625
1,raw,232,232,64,0.296875
1,raw,233,233,64,0.453125
1,raw,234,234,64,0.4375
1,raw,235,235,64,0.40625
1,raw,236,236,64,0.46875
1,raw,237,237,64,0.484375
1,raw,238,238,64,0.5
1,raw,239,239,64,0.421875
1,raw,240,240,64,0.453125
1,raw,241,241,64,0.40625
1,raw,242,242,64,0.34375
1,raw,243,243,64,0.515625
1,raw,244,244,64,0.5
1,raw,245,245,64,0.578125
1,raw,246,246,64,0.5625
1,raw,247,247,64,0.4375
1,raw,248,248,64,0.546875
1,raw,249,249,64,0.421875
1,raw,250,250,64,0.546875
1,raw,251,251,64,0.5
1,raw,252,252,64,0.484375
1,raw,253,253,64,0.375
1,raw,254,254,64,0.421875
1,raw,255,255,64,0.59375
1,raw,256,256,64,0.46875
1,raw,257,257,64,0.453125
1,raw,258,258,64,0.625
1,raw,259,259,64,0.515625
1,raw,260,260,64,0.578125
1,raw,261,261,64,0.5
1,raw,262,262,64,0.421875
1,raw,263,263,64,0.546875
1,raw,264,264,64,0.546875
1,raw,265,265,64,0.578125
1,raw,266,266,64,0.515625
1,raw,267,267,64,0.53125
1,raw,268,268,64,0.671875
1,raw,269,269,64,0.640625
1,raw,270,270,64,0.625
1,raw,271,271,64,0.59375
1,raw,272,272,64,0.5625
1,raw,273,273,64,0.578125
1,raw,274,274,64,0.640625
1,raw,275,275,64,0.671875
1,raw,276,276,64,0.640625
1,raw,277,277,64,0.5625
1,raw,278,278,64,0.609375
1,raw,279,279,64,0.71875
1,raw,280,280,64,0.53125
1,raw,281,281,64,0.71875
1,raw,282,282,64,0.609375
1,raw,283,283,64,0.6875
1,raw,284,284,64,0.65625
1,raw,285,285,64,0.671875
1,raw,286,286,64,0.625
1,raw,287,287,64,0.6875
1,raw,288,288,64,0.546875
1,raw,289,289,64,0.71875
1,raw,290,290,64,0.609375
1,raw,291,291,64,0.59375
1,raw,292,292,64,0.65625
1,raw,293,293,64,0.578125
1,raw,294,294,64,0.53125
1,raw,295,295,64,0.734375
1,raw,296,296,64,0.671875
1,raw,297,297,64,0.796875
1,raw,298,298,64,0.640625
1,raw,299,299,64,0.671875
1,raw,300,300,64,0.65625
1,raw,301,301,64,0.75
1,raw,302,302,64,0.65625
1,raw,303,303,64,0.828125
1,raw,304,304,64,0.75
1,raw,305,305,64,0.671875
1,raw,306,306,64,0.71875
1,raw,307,307,64,0.71875
1,raw,308,308,64,0.59375
1,raw,309,309,64,0.734375
1,raw,310,310,64,0.671875
1,raw,311,311,64,0.6875
1,raw,312,312,64,0.796875
1,raw,313,313,64,0.703125
1,raw,314,314,64,0.765625
1,raw,315,315,64,0.765625
1,raw,316,316,64,0.765625
1,raw,317,317,64,0.71875
1,raw,318,318,64,0.65625
1,raw,319,319,64,0.75
1,raw,320,320,64,0.734375
1,raw,321,321,64,0.6875
1,raw,322,322,64,0.71875
1,raw,323,323,64,0.796875
1,raw,324,324,64,0.71875
1,raw,325,325,64,0.6875
1,raw,326,326,64,0.71875
1,raw,327,327,64,0.671875
1,raw,328,328,64,0.625
1,raw,329,329,64,0.71875
1,raw,330,330,64,0.65625
1,raw,331,331,64,0.671875
1,raw,332,332,64,0.71875
1,raw,333,333,64,0.71875
1,raw,334,334,64,0.65625
1,raw,335,335,64,0.640625
1,raw,336,336,64,0.640625
1,raw,337,337,64,0.609375
1,raw,338,338,64,0.6875
1,raw,339,339,64,0.625
1,raw,340,340,64,0.734375
1,raw,341,341,64,0.828125
1,raw,342,342,64,0.734375
1,raw,343,343,64,0.6875
1,raw,344,344,64,0.578125
1,raw,345,345,64,0.703125
1,raw,346,346,64,0.625
1,raw,347,347,64,0.734375
1,raw,348,348,64,0.765625
1,raw,349,349,64,0.734375
1,raw,350,350,64,0.71875
1,raw,351,351,64,0.671875
1,raw,352,352,64,0.734375
1,raw,353,353,64,0.703125
1,raw,354,354,64,0.703125
1,raw,355,355,64,0.5625
1,raw,356,356,64,0.75
1,raw,357,357,64,0.609375
1,raw,358,358,64,0.578125
1,raw,359,359,64,0.6875
1,raw,360,360,64,0.609375
1,raw,361,361,64,0.65625
1,raw,362,362,64,0.5625
1,raw,363,363,64,0.5625
1,raw,364,364,64,0.640625
1,raw,365,365,64,0.546875
1,raw,366,366,64,0.59375
1,raw,367,367,64,0.625
1,raw,368,368,64,0.6875
1,raw,369,369,64,0.5625
1,raw,370,370,64,0.578125
1,raw,371,371,64,0.71875
1,raw,372,372,64,0.609375
1,raw,373,373,64,0.609375
1,raw,374,374,64,0.609375
1,raw,375,375,64,0.53125
1,raw,376,376,64,0.515625
1,raw,377,377,64,0.5
1,raw,378,378,64,0.78125
1,raw,379,379,64,0.609375
1,raw,380,380,64,0.59375
1,raw,381,381,64,0.578125
1,raw,382,382,64,0.546875
1,raw,383,383,64,0.609375
1,raw,384,384,64,0.5
1,raw,385,385,64,0.625
1,raw,386,386,64,0.515625
1,raw,387,387,64,0.546875
1,raw,388,388,64,0.5
1,raw,389,389,64,0.5625
1,raw,390,390,64,0.53125
1,raw,391,391,64,0.484375
1,raw,392,392,64,0.59375
1,raw,393,393,64,0.65625
1,raw,394,394,64,0.59375
1,raw,395,395,64,0.390625
1,raw,396,396,64,0.5
1,raw,397,397,64,0.546875
1,raw,398,398,64,0.4375
1,raw,399,399,64,0.5625
1,raw,400,400,64,0.5
1,raw,401,401,64,0.609375
1,raw,402,402,64,0.515625
1,raw,403,403,64,0.578125
1,raw,404,404,64,0.46875
1,raw,405,405,64,0.609375
1,raw,406,406,64,0.546875
1,raw,407,407,64,0.46875
1,raw,408,408,64,0.59375
1,raw,409,409,64,0.484375
1,raw,410,410,64,0.546875
1,raw,411,411,64,0.5625
1,raw,412,412,64,0.546875
1,raw,413,413,64,0.609375
1,raw,414,414,64,0.484375
1,raw,415,415,64,0.5
1,raw,416,416,64,0.453125
1,raw,417,417,64,0.40625
1,raw,418,418,64,0.453125
1,raw,419,419,64,0.5
1,raw,420,420,64,0.453125
1,raw,421,421,64,0.46875
1,raw,422,422,64,0.546875
1,raw,423,423,64,0.53125
1,raw,424,424,64,0.484375
1,raw,425,425,64,0.5
1,raw,426,426,64,0.484375
1,raw,427,427,64,0.484375
1,raw,428,428,64,0.4375
1,raw,429,429,64,0.484375
1,raw,430,430,64,0.453125
1,raw,431,431,64,0.46875
1,raw,432,432,64,0.46875
1,raw,433,433,64,0.515625
1,raw,434,434,64,0.390625
1,raw,435,435,64,0.484375
1,raw,436,436,64,0.390625
1,raw,437,437,64,0.453125
1,raw,438,438,64,0.46875
1,raw,439,439,64,0.375
1,raw,440,440,64,0.375
1,raw,441,441,64,0.359375
1,raw,442,442,64,0.28125
1,raw,443,443,64,0.375
1,raw,444,444,64,0.390625
1,raw,445,445,64,0.546875
1,raw,446,446,64,0.421875
1,raw,447,447,64,0.40625
1,raw,448,448,64,0.40625
1,raw,449,449,64,0.46875
1,raw,450,450,64,0.375
1,raw,451,451,64,0.40625
1,raw,452,452,64,0.40625
1,raw,453,453,64,0.484375
1,raw,454,454,64,0.3125
1,raw,455,455,64,0.46875
1,raw,456,456,64,0.4375
1,raw,457,457,64,0.4375
1,raw,458,458,64,0.515625
1,raw,459,459,64,0.375
1,raw,460,460,64,0.34375
1,raw,461,461,64,0.515625
1,raw,462,462,64,0.390625
1,raw,463,463,64,0.390625
1,raw,464,464,64,0.390625
1,raw,465,465,64,0.484375
1,raw,466,466,64,0.296875
1,raw,467,467,64,0.359375
1,raw,468,468,64,0.375
1,raw,469,469,64,0.265625
1,raw,470,470,64,0.453125
1,raw,471,471,64,0.5
1,raw,472,472,64,0.359375
1,raw,473,473,64,0.515625
1,raw,474,474,64,0.46875
1,raw,475,475,64,0.328125
1,raw,476,476,64,0.5
1,raw,477,477,64,0.5
1,raw,478,478,64,0.390625
1,raw,479,479,64,0.484375
1,raw,480,480,64,0.4375
1,raw,481,481,64,0.4375
1,raw,482,482,64,0.390625
1,raw,483,483,64,0.40625
1,raw,484,484,64,0.359375
1,raw,485,485,64,0.40625
1,raw,486,486,64,0.40625
1,raw,487,487,64,0.3125
1,raw,488,488,64,0.375
1,raw,489,489,64,0.34375
1,raw,490,490,64,0.421875
1,raw,491,491,64,0.375
1,raw,492,492,64,0.390625
1,raw,493,493,64,0.375
1,raw,494,494,64,0.21875
1,raw,495,495,64,0.40625
1,raw,496,496,64,0.484375
1,raw,497,497,64,0.421875
1,raw,498,498,64,0.484375
1,raw,499,499,64,0.546875
1,raw,500,500,64,0.359375
2,J,1,1,64,1.0
2,J,2,2,64,1.0
2,J,3,3,64,1.0
2,J,4,4,64,1.0
2,J,5,5,64,1.0
2,J,6,6,64,1.0
2,J,7,7,64,1.0
2,J,8,8,64,1.0
2,J,9,9,64,1.0
2,J,10,10,64,1.0
2,J,11,11,64,1.0
2,J,12,12,64,1.0
2,J,13,13,64,1.0
2,J,14,14,64,1.0
2,J,15,15,64,1.0
2,J,16,16,64,1.0
2,J,17,17,64,1.0
2,J,18,18,64,1.0
2,J,19,19,64,1.0
2,J,20,20,64,1.0
2,J,21,21,64,1.0
2,J,22,22,64,1.0
2,J,23,23,64,1.0
2,J,24,24,64,1.0
2,J,25,25,64,1.0
2,J,26,26,64,1.0
2,J,27,27,64,1.0
2,J,28,28,64,1.0
2,J,29,29,64,1.0
2,J,30,30,64,1.0
2,J,31,31,64,1.0
2,J,32,32,64,1.0
2,J,33,33,64,1.0
2,J,34,34,64,1.0
2,J,35,35,64,1.0
2,J,36,36,64,1.0
2,J,37,37,64,1.0
2,J,38,38,64,1.0
2,J,39,39,64,1.0
2,J,40,40,64,1.0
2,J,41,41,64,1.0
2,J,42,42,64,1.0
2,J,43,43,64,1.0
2,J,44,44,64,1.0
2,J,45,45,64,1.0
2,J,46,46,64,1.0
2,J,47,47,64,1.0
2,J,48,48,64,1.0
2,J,49,49,64,1.0
2,J,50,50,64,1.0
2,J,51,51,64,1.0
2,J,52,52,64,1.0
2,J,53,53,64,1.0
2,J,54,54,64,1.0
2,J,55,55,64,1.0
2,J,56,56,64,1.0
2,J,57,57,64,1.0
2,J,58,58,64,1.0
2,J,59,59,64,1.0
2,J,60,60,64,1.0
2,J,61,61,64,1.0
2,J,62,62,64,1.0
2,J,63,63,64,1.0
2,J,64,64,64,1.0
2,J,65,65,64,1.0
2,J,66,66,64,1.0
2,J,67,67,64,1.0
2,J,68,68,64,1.0
2,J,69,69,64,1.0
2,J,70,70,64,1.0
2,J,71,71,64,1.0
2,J,72,72,64,0.984375
2,J,73,73,64,1.0
2,J,74,74,64,1.0
2,J,75,75,64,1.0
2,J,76,76,64,1.0
2,J,77,77,64,1.0
2,J,78,78,64,1.0
2,J,79,79,64,1.0
2,J,80,80,64,1.0
2,J,81,81,64,1.0
2,J,82,82,64,1.0
2,J,83,83,64,1.0
2,J,84,84,64,1.0
2,J,85,85,64,1.0
2,J,86,86,64,1.0
2,J,87,87,64,1.0
2,J,88,88,64,0.984375
2,J,89,89,64,1.0
2,J,90,90,64,1.0
2,J,91,91,64,1.0
2,J,92,92,64,0.984375
2,J,93,93,64,0.984375
2,J,94,94,64,1.0
2,J,95,95,64,1.0
2,J,96,96,64,1.0
2,J,97,97,64,1.0
2,J,98,98,64,0.984375
2,J,99,99,64,1.0
2,J,100,100,64,0.984375
2,J,101,101,64,0.984375
2,J,102,102,64,1.0
2,J,103,103,64,1.0
2,J,104,104,64,0.984375
2,J,105,105,64,1.0
2,J,106,106,64,1.0
2,J,107,107,64,1.0
2,J,108,108,64,0.96875
2,J,109,109,64,1.0
2,J,110,110,64,1.0
2,J,111,111,64,1.0
2,J,112,112,64,1.0
2,J,113,113,64,1.0
2,J,114,114,64,0.984375
2,J,115,115,64,1.0
2,J,116,116,64,0.953125
2,J,117,117,64,1.0
2,J,118,118,64,1.0
2,J,119,119,64,1.0
2,J,120,120,64,0.984375
2,J,121,121,64,0.96875
2,J,122,122,64,0.984375
2,J,123,123,64,1.0
2,J,124,124,64,0.96875
2,J,125,125,64,0.984375
2,J,126,126,64,0.984375
2,J,127,127,64,1.0
2,J,128,128,64,0.96875
2,J,129,129,64,0.984375
2,J,130,130,64,0.9375
2,J,131,131,64,0.984375
2,J,132,132,64,0.984375
2,J,133,133,64,1.0
2,J,134,134,64,0.890625
2,J,135,135,64,1.0
2,J,136,136,64,0.921875
2,J,137,137,64,0.9375
2,J,138,138,64,0.953125
2,J,139,139,64,0.96875
2,J,140,140,64,0.953125
2,J,141,141,64,0.984375
2,J,142,142,64,0.953125
2,J,143,143,64,1.0
2,J,144,144,64,0.96875
2,J,145,145,64,1.0
2,J,146,146,64,0.9375
2,J,147,147,64,1.0
2,J,148,148,64,0.96875
2,J,149,149,64,0.953125
2,J,150,150,64,0.96875
2,J,151,151,64,1.0
2,J,152,152,64,0.953125
2,J,153,153,64,0.96875
2,J,154,154,64,0.984375
2,J,155,155,64,1.0
2,J,156,156,64,0.921875
2,J,157,157,64,1.0
2,J,158,158,64,0.9375
2,J,159,159,64,0.9375
2,J,160,160,64,0.921875
2,J,161,161,64,0.96875
2,J,162,162,64,0.953125
2,J,163,163,64,0.96875
2,J,164,164,64,0.921875
2,J,165,165,64,0.984375
2,J,166,166,64,0.921875
2,J,167,167,64,0.9375
2,J,168,168,64,0.921875
2,J,169,169,64,0.9375
2,J,170,170,64,0.953125
2,J,171,171,64,1.0
2,J,172,172,64,0.875
2,J,173,173,64,0.9375
2,J,174,174,64,0.890625
2,J,175,175,64,0.953125
2,J,176,176,64,0.90625
2,J,177,177,64,1.0
2,J,178,178,64,0.890625
2,J,179,179,64,0.921875
2,J,180,180,64,0.90625
2,J,181,181,64,0.9375
2,J,182,182,64,0.921875
2,J,183,183,64,1.0
2,J,184,184,64,0.953125
2,J,185,185,64,0.96875
2,J,186,186,64,0.890625
2,J,187,187,64,0.9375
2,J,188,188,64,0.9375
2,J,189,189,64,0.953125
2,J,190,190,64,0.859375
2,J,191,191,64,0.953125
2,J,192,192,64,0.875
2,J,193,193,64,0.953125
2,J,194,194,64,0.90625
2,J,195,195,64,0.90625
2,J,196,196,64,0.953125
2,J,197,197,64,0.921875
2,J,198,198,64,0.9375
2,J,199,199,64,0.96875
2,J,200,200,64,0.90625
2,J,201,201,64,0.953125
2,J,202,202,64,0.890625
2,J,203,203,64,0.9375
2,J,204,204,64,0.859375
2,J,205,205,64,0.890625
2,J,206,206,64,0.859375
2,J,207,207,64,0.96875
2,J,208,208,64,0.796875
2,J,209,209,64,0.9375
2,J,210,210,64,0.890625
2,J,211,211,64,0.921875
2,J,212,212,64,0.859375
2,J,213,213,64,0.796875
2,J,214,214,64,0.84375
2,J,215,215,64,0.9375
2,J,216,216,64,0.828125
2,J,217,217,64,0.859375
2,J,218,218,64,0.859375
2,J,219,219,64,0.890625
2,J,220,220,64,0.890625
2,J,221,221,64,0.90625
2,J,222,222,64,0.828125
2,J,223,223,64,0.921875
2,J,224,224,64,0.8125
2,J,225,225,64,0.890625
2,J,226,226,64,0.859375
2,J,227,227,64,0.859375
2,J,228,228,64,0.921875
2,J,229,229,64,0.90625
2,J,230,230,64,0.84375
2,J,231,231,64,0.859375
2,J,232,232,64,0.84375
2,J,233,233,64,0.8125
2,J,234,234,64,0.875
2,J,235,235,64,0.9375
2,J,236,236,64,0.796875
2,J,237,237,64,0.828125
2,J,238,238,64,0.84375
2,J,239,239,64,0.84375
2,J,240,240,64,0.84375
2,J,241,241,64,0.765625
2,J,242,242,64,0.78125
2,J,243,243,64,0.8125
2,J,244,244,64,0.796875
2,J,245,245,64,0.859375
2,J,246,246,64,0.796875
2,J,247,247,64,0.765625
2,J,248,248,64,0.8125
2,J,249,249,64,0.71875
2,J,250,250,64,0.796875
2,J,251,251,64,0.921875
2,J,252,252,64,0.890625
2,J,253,253,64,0.890625
2,J,254,254,64,0.78125
2,J,255,255,64,0.8125
2,J,256,256,64,0.765625
2,J,257,257,64,0.78125
2,J,258,258,64,0.78125
2,J,259,259,64,0.828125
2,J,260,260,64,0.78125
2,J,261,261,64,0.84375
2,J,262,262,64,0.765625
2,J,263,263,64,0.78125
2,J,264,264,64,0.828125
2,J,265,265,64,0.875
2,J,266,266,64,0.734375
2,J,267,267,64,0.828125
2,J,268,268,64,0.71875
2,J,269,269,64,0.828125
2,J,270,270,64,0.828125
2,J,271,271,64,0.75
2,J,272,272,64,0.796875
2,J,273,273,64,0.734375
2,J,274,274,64,0.734375
2,J,275,275,64,0.828125
2,J,276,276,64,0.796875
2,J,277,277,64,0.75
2,J,278,278,64,0.765625
2,J,279,279,64,0.796875
2,J,280,280,64,0.796875
2,J,281,281,64,0.8125
2,J,282,282,64,0.765625
2,J,283,283,64,0.765625
2,J,284,284,64,0.71875
2,J,285,285,64,0.828125
2,J,286,286,64,0.75
2,J,287,287,64,0.796875
2,J,288,288,64,0.765625
2,J,289,289,64,0.84375
2,J,290,290,64,0.765625
2,J,291,291,64,0.8125
2,J,292,292,64,0.734375
2,J,293,293,64,0.75
2,J,294,294,64,0.75
2,J,295,295,64,0.84375
2,J,296,296,64,0.65625
2,J,297,297,64,0.75
2,J,298,298,64,0.640625
2,J,299,299,64,0.703125
2,J,300,300,64,0.75
2,J,301,301,64,0.734375
2,J,302,302,64,0.703125
2,J,303,303,64,0.796875
2,J,304,304,64,0.734375
2,J,305,305,64,0.71875
2,J,306,306,64,0.6875
2,J,307,307,64,0.65625
2,J,308,308,64,0.671875
2,J,309,309,64,0.703125
2,J,310,310,64,0.71875
2,J,311,311,64,0.8125
2,J,312,312,64,0.671875
2,J,313,313,64,0.703125
2,J,314,314,64,0.765625
2,J,315,315,64,0.734375
2,J,316,316,64,0.703125
2,J,317,317,64,0.65625
2,J,318,318,64,0.640625
2,J,319,319,64,0.71875
2,J,320,320,64,0.578125
2,J,321,321,64,0.65625
2,J,322,322,64,0.78125
2,J,323,323,64,0.546875
2,J,324,324,64,0.625
2,J,325,325,64,0.625
2,J,326,326,64,0.6875
2,J,327,327,64,0.625
2,J,328,328,64,0.703125
2,J,329,329,64,0.65625
2,J,330,330,64,0.609375
2,J,331,331,64,0.65625
2,J,332,332,64,0.703125
2,J,333,333,64,0.71875
2,J,334,334,64,0.515625
2,J,335,335,64,0.671875
2,J,336,336,64,0.71875
2,J,337,337,64,0.75
2,J,338,338,64,0.65625
2,J,339,339,64,0.75
2,J,340,340,64,0.625
2,J,341,341,64,0.59375
2,J,342,342,64,0.703125
2,J,343,343,64,0.765625
2,J,344,344,64,0.671875
2,J,345,345,64,0.59375
2,J,346,346,64,0.578125
2,J,347,347,64,0.609375
2,J,348,348,64,0.734375
2,J,349,349,64,0.640625
2,J,350,350,64,0.5625
2,J,351,351,64,0.71875
2,J,352,352,64,0.6875
2,J,353,353,64,0.5625
2,J,354,354,64,0.578125
2,J,355,355,64,0.59375
2,J,356,356,64,0.71875
2,J,357,357,64,0.578125
2,J,358,358,64,0.65625
2,J,359,359,64,0.640625
2,J,360,360,64,0.625
2,J,361,361,64,0.625
2,J,362,362,64,0.640625
2,J,363,363,64,0.671875
2,J,364,364,64,0.5625
2,J,365,365,64,0.671875
2,J,366,366,64,0.609375
2,J,367,367,64,0.53125
2,J,368,368,64,0.609375
2,J,369,369,64,0.609375
2,J,370,370,64,0.6875
2,J,371,371,64,0.6875
2,J,372,372,64,0.609375
2,J,373,373,64,0.59375
2,J,374,374,64,0.546875
2,J,375,375,64,0.71875
2,J,376,376,64,0.53125
2,J,377,377,64,0.625
2,J,378,378,64,0.578125
2,J,379,379,64,0.578125
2,J,380,380,64,0.75
2,J,381,381,64,0.625
2,J,382,382,64,0.546875
2,J,383,383,64,0.65625
2,J,384,384,64,0.59375
2,J,385,385,64,0.578125
2,J,386,386,64,0.609375
2,J,387,387,64,0.546875
2,J,388,388,64,0.53125
2,J,389,389,64,0.625
2,J,390,390,64,0.546875
2,J,391,391,64,0.53125
2,J,392,392,64,0.53125
2,J,393,393,64,0.640625
2,J,394,394,64,0.46875
2,J,395,395,64,0.640625
2,J,396,396,64,0.625
2,J,397,397,64,0.6875
2,J,398,398,64,0.46875
2,J,399,399,64,0.578125
2,J,400,400,64,0.625
2,J,401,401,64,0.671875
2,J,402,402,64,0.671875
2,J,403,403,64,0.53125
2,J,404,404,64,0.640625
2,J,405,405,64,0.609375
2,J,406,406,64,0.515625
2,J,407,407,64,0.609375
2,J,408,408,64,0.53125
2,J,409,409,64,0.59375
2,J,410,410,64,0.5625
2,J,411,411,64,0.59375
2,J,412,412,64,0.578125
2,J,413,413,64,0.5
2,J,414,414,64,0.546875
2,J,415,415,64,0.5625
2,J,416,416,64,0.515625
2,J,417,417,64,0.609375
2,J,418,418,64,0.515625
2,J,419,419,64,0.515625
2,J,420,420,64,0.578125
2,J,421,421,64,0.609375
2,J,422,422,64,0.5
2,J,423,423,64,0.625
2,J,424,424,64,0.53125
2,J,425,425,64,0.59375
2,J,426,426,64,0.546875
2,J,427,427,64,0.5
2,J,428,428,64,0.5625
2,J,429,429,64,0.515625
2,J,430,430,64,0.515625
2,J,431,431,64,0.515625
2,J,432,432,64,0.5625
2,J,433,433,64,0.484375
2,J,434,434,64,0.515625
2,J,435,435,64,0.484375
2,J,436,436,64,0.53125
2,J,437,437,64,0.453125
2,J,438,438,64,0.515625
2,J,439,439,64,0.46875
2,J,440,440,64,0.5625
2,J,441,441,64,0.578125
2,J,442,442,64,0.609375
2,J,443,443,64,0.640625
2,J,444,444,64,0.5625
2,J,445,445,64,0.546875
2,J,446,446,64,0.53125
2,J,447,447,64,0.5625
2,J,448,448,64,0.5625
2,J,449,449,64,0.515625
2,J,450,450,64,0.5
2,J,451,451,64,0.53125
2,J,452,452,64,0.609375
2,J,453,453,64,0.5625
2,J,454,454,64,0.515625
2,J,455,455,64,0.421875
2,J,456,456,64,0.609375
2,J,457,457,64,0.4375
2,J,458,458,64,0.46875
2,J,459,459,64,0.453125
2,J,460,460,64,0.46875
2,J,461,461,64,0.609375
2,J,462,462,64,0.40625
2,J,463,463,64,0.453125
2,J,464,464,64,0.40625
2,J,465,465,64,0.65625
2,J,466,466,64,0.609375
2,J,467,467,64,0.46875
2,J,468,468,64,0.515625
2,J,469,469,64,0.46875
2,J,470,470,64,0.5
2,J,471,471,64,0.546875
2,J,472,472,64,0.59375
2,J,473,473,64,0.59375
2,J,474,474,64,0.4375
2,J,475,475,64,0.4375
2,J,476,476,64,0.5625
2,J,477,477,64,0.5625
2,J,478,478,64,0.421875
2,J,479,479,64,0.484375
2,J,480,480,64,0.5
2,J,481,481,64,0.4375
2,J,482,482,64,0.484375
2,J,483,483,64,0.359375
2,J,484,484,64,0.375
2,J,485,485,64,0.46875
2,J,486,486,64,0.46875
2,J,487,487,64,0.515625
2,J,488,488,64,0.515625
2,J,489,489,64,0.5
2,J,490,490,64,0.484375
2,J,491,491,64,0.5625
2,J,492,492,64,0.421875
2,J,493,493,64,0.5625
2,J,494,494,64,0.40625
2,J,495,495,64,0.484375
2,J,496,496,64,0.53125
2,J,497,497,64,0.59375
2,J,498,498,64,0.515625
2,J,499,499,64,0.515625
2,J,500,500,64,0.421875
2,raw,1,1,64,1.0
2,raw,2,2,64,1.0
2,raw,3,3,64,1.0
2,raw,4,4,64,1.0
2,raw,5,5,64,1.0
2,raw,6,6,64,1.0
2,raw,7,7,64,1.0
2,raw,8,8,64,1.0
2,raw,9,9,64,1.0
2,raw,10,10,64,1.0
2,raw,11,11,64,1.0
2,raw,12,12,64,1.0
2,raw,13,13,64,1.0
2,raw,14,14,64,1.0
2,raw,15,15,64,1.0
2,raw,16,16,64,1.0
2,raw,17,17,64,1.0
2,raw,18,18,64,1.0
2,raw,19,19,64,1.0
2,raw,20,20,64,1.0
2,raw,21,21,64,1.0
2,raw,22,22,64,1.0
2,raw,23,23,64,1.0
2,raw,24,24,64,1.0
2,raw,25,25,64,1.0
2,raw,26,26,64,1.0
2,raw,27,27,64,1.0
2,raw,28,28,64,1.0
2,raw,29,29,64,1.0
2,raw,30,30,64,1.0
2,raw,31,31,64,1.0
2,raw,32,32,64,1.0
2,raw,33,33,64,1.0
2,raw,34,34,64,1.0
2,raw,35,35,64,1.0
2,raw,36,36,64,1.0
2,raw,37,37,64,1.0
2,raw,38,38,64,1.0
2,raw,39,39,64,1.0
2,raw,40,40,64,1.0
2,raw,41,41,64,1.0
2,raw,42,42,64,1.0
2,raw,43,43,64,1.0
2,raw,44,44,64,1.0
2,raw,45,45,64,1.0
2,raw,46,46,64,1.0
2,raw,47,47,64,1.0
2,raw,48,48,64,1.0
2,raw,49,49,64,1.0
2,raw,50,50,64,0.984375
2,raw,51,51,64,1.0
2,raw,52,52,64,1.0
2,raw,53,53,64,1.0
2,raw,54,54,64,1.0
2,raw,55,55,64,1.0
2,raw,56,56,64,0.984375
2,raw,57,57,64,0.984375
2,raw,58,58,64,0.984375
2,raw,59,59,64,0.984375
2,raw,60,60,64,0.890625
2,raw,61,61,64,0.96875
2,raw,62,62,64,0.953125
2,raw,63,63,64,0.9375
2,raw,64,64,64,0.984375
2,raw,65,65,64,0.984375
2,raw,66,66,64,0.9375
2,raw,67,67,64,0.984375
2,raw,68,68,64,0.921875
2,raw,69,69,64,0.90625
2,raw,70,70,64,0.90625
2,raw,71,71,64,0.953125
2,raw,72,72,64,0.890625
2,raw,73,73,64,0.890625
2,raw,74,74,64,0.90625
2,raw,75,75,64,0.875
2,raw,76,76,64,0.890625
2,raw,77,77,64,0.8125
2,raw,78,78,64,0.78125
2,raw,79,79,64,0.78125
2,raw,80,80,64,0.78125
2,raw,81,81,64,0.84375
2,raw,82,82,64,0.703125
2,raw,83,83,64,0.75
2,raw,84,84,64,0.703125
2,raw,85,85,64,0.734375
2,raw,86,86,64,0.59375
2,raw,87,87,64,0.671875
2,raw,88,88,64,0.609375
2,raw,89,89,64,0.625
2,raw,90,90,64,0.6875
2,raw,91,91,64,0.5625
2,raw,92,92,64,0.53125
2,raw,93,93,64,0.578125
2,raw,94,94,64,0.578125
2,raw,95,95,64,0.515625
2,raw,96,96,64,0.5625
2,raw,97,97,64,0.5
2,raw,98,98,64,0.390625
2,raw,99,99,64,0.421875
2,raw,100,100,64,0.453125
2,raw,101,101,64,0.46875
2,raw,102,102,64,0.46875
2,raw,103,103,64,0.390625
2,raw,104,104,64,0.359375
2,raw,105,105,64,0.40625
2,raw,106,106,64,0.21875
2,raw,107,107,64,0.359375
2,raw,108,108,64,0.390625
2,raw,109,109,64,0.203125
2,raw,110,110,64,0.234375
2,raw,111,111,64,0.203125
2,raw,112,112,64,0.28125
2,raw,113,113,64,0.234375
2,raw,114,114,64,0.125
2,raw,115,115,64,0.109375
2,raw,116,116,64,0.140625
2,raw,117,117,64,0.1875
2,raw,118,118,64,0.09375
2,raw,119,119,64,0.09375
2,raw,120,120,64,0.09375
2,raw,121,121,64,0.0625
2,raw,122,122,64,0.21875
2,raw,123,123,64,0.125
2,raw,124,124,64,0.15625
2,raw,125,125,64,0.125
2,raw,126,126,64,0.0625
2,raw,127,127,64,0.0625
2,raw,128,128,64,0.09375
2,raw,129,129,64,0.09375
2,raw,130,130,64,0.015625
2,raw,131,131,64,0.03125
2,raw,132,132,64,0.03125
2,raw,133,133,64,0.03125
2,raw,134,134,64,0.03125
2,raw,135,135,64,0.03125
2,raw,136,136,64,0.015625
2,raw,137,137,64,0.0
2,raw,138,138,64,0.0
2,raw,139,139,64,0.046875
2,raw,140,140,64,0.03125
2,raw,141,141,64,0.0
2,raw,142,142,64,0.046875
2,raw,143,143,64,0.0
2,raw,144,144,64,0.03125
2,raw,145,145,64,0.0
2,raw,146,146,64,0.0
2,raw,147,147,64,0.0
2,raw,148,148,64,0.015625
2,raw,149,149,64,0.03125
2,raw,150,150,64,0.0
2,raw,151,151,64,0.046875
2,raw,152,152,64,0.015625
2,raw,153,153,64,0.0
2,raw,154,154,64,0.03125
2,raw,155,155,64,0.0
2,raw,156,156,64,0.03125
2,raw,157,157,64,0.0
2,raw,158,158,64,0.0
2,raw,159,159,64,0.0
2,raw,160,160,64,0.015625
2,raw,161,161,64,0.0
2,raw,162,162,64,0.0
2,raw,163,163,64,0.0
2,raw,164,164,64,0.0
2,raw,165,165,64,0.0
2,raw,166,166,64,0.03125
2,raw,167,167,64,0.0
2,raw,168,168,64,0.015625
2,raw,169,169,64,0.0
2,raw,170,170,64,0.0
2,raw,171,171,64,0.0
2,raw,172,172,64,0.03125
2,raw,173,173,64,0.0
2,raw,174,174,64,0.03125
2,raw,175,175,64,0.0
2,raw,176,176,64,0.0625
2,raw,177,177,64,0.0
2,raw,178,178,64,0.03125
2,raw,179,179,64,0.0
2,raw,180,180,64,0.015625
2,raw,181,181,64,0.03125
2,raw,182,182,64,0.015625
2,raw,183,183,64,0.015625
2,raw,184,184,64,0.046875
2,raw,185,185,64,0.0
2,raw,186,186,64,0.015625
2,raw,187,187,64,0.0
2,raw,188,188,64,0.0
2,raw,189,189,64,0.015625
2,raw,190,190,64,0.046875
2,raw,191,191,64,0.0
2,raw,192,192,64,0.015625
2,raw,193,193,64,0.015625
2,raw,194,194,64,0.0625
2,raw,195,195,64,0.015625
2,raw,196,196,64,0.015625
2,raw,197,197,64,0.0
2,raw,198,198,64,0.046875
2,raw,199,199,64,0.0
2,raw,200,200,64,0.03125
2,raw,201,201,64,0.015625
2,raw,202,202,64,0.015625
2,raw,203,203,64,0.015625
2,raw,204,204,64,0.03125
2,raw,205,205,64,0.03125
2,raw,206,206,64,0.046875
2,raw,207,207,64,0.03125
2,raw,208,208,64,0.015625
2,raw,209,209,64,0.046875
2,raw,210,210,64,0.0625
2,raw,211,211,64,0.015625
2,raw,212,212,64,0.0625
2,raw,213,213,64,0.078125
2,raw,214,214,64,0.0
2,raw,215,215,64,0.03125
2,raw,216,216,64,0.078125
2,raw,217,217,64,0.078125
2,raw,218,218,64,0.078125
2,raw,219,219,64,0.0
2,raw,220,220,64,0.078125
2,raw,221,221,64,0.046875
2,raw,222,222,64,0.0625
2,raw,223,223,64,0.046875
2,raw,224,224,64,0.109375
2,raw,225,225,64,0.09375
2,raw,226,226,64,0.109375
2,raw,227,227,64,0.0625
2,raw,228,228,64,0.015625
2,raw,229,229,64,0.0625
2,raw,230,230,64,0.09375
2,raw,231,231,64,0.0625
2,raw,232,232,64,0.0625
2,raw,233,233,64,0.03125
2,raw,234,234,64,0.125
2,raw,235,235,64,0.09375
2,raw,236,236,64,0.171875
2,raw,237,237,64,0.078125
2,raw,238,238,64,0.0625
2,raw,239,239,64,0.046875
2,raw,240,240,64,0.171875
2,raw,241,241,64,0.15625
2,raw,242,242,64,0.21875
2,raw,243,243,64,0.140625
2,raw,244,244,64,0.09375
2,raw,245,245,64,0.046875
2,raw,246,246,64,0.140625
2,raw,247,247,64,0.140625
2,raw,248,248,64,0.203125
2,raw,249,249,64,0.203125
2,raw,250,250,64,0.125
2,raw,251,251,64,0.0625
2,raw,252,252,64,0.09375
2,raw,253,253,64,0.140625
2,raw,254,254,64,0.1875
2,raw,255,255,64,0.125
2,raw,256,256,64,0.234375
2,raw,257,257,64,0.265625
2,raw,258,258,64,0.234375
2,raw,259,259,64,0.140625
2,raw,260,260,64,0.1875
2,raw,261,261,64,0.203125
2,raw,262,262,64,0.25
2,raw,263,263,64,0.28125
2,raw,264,264,64,0.234375
2,raw,265,265,64,0.28125
2,raw,266,266,64,0.21875
2,raw,267,267,64,0.15625
2,raw,268,268,64,0.375
2,raw,269,269,64,0.265625
2,raw,270,270,64,0.21875
2,raw,271,271,64,0.21875
2,raw,272,272,64,0.296875
2,raw,273,273,64,0.296875
2,raw,274,274,64,0.265625
2,raw,275,275,64,0.1875
2,raw,276,276,64,0.328125
2,raw,277,277,64,0.265625
2,raw,278,278,64,0.3125
2,raw,279,279,64,0.34375
2,raw,280,280,64,0.34375
2,raw,281,281,64,0.296875
2,raw,282,282,64,0.359375
2,raw,283,283,64,0.390625
2,raw,284,284,64,0.4375
2,raw,285,285,64,0.40625
2,raw,286,286,64,0.453125
2,raw,287,287,64,0.390625
2,raw,288,288,64,0.421875
2,raw,289,289,64,0.40625
2,raw,290,290,64,0.4375
2,raw,291,291,64,0.5625
2,raw,292,292,64,0.4375
2,raw,293,293,64,0.390625
2,raw,294,294,64,0.390625
2,raw,295,295,64,0.390625
2,raw,296,296,64,0.484375
2,raw,297,297,64,0.40625
2,raw,298,298,64,0.625
2,raw,299,299,64,0.5625
2,raw,300,300,64,0.40625
2,raw,301,301,64,0.421875
2,raw,302,302,64,0.546875
2,raw,303,303,64,0.453125
2,raw,304,304,64,0.609375
2,raw,305,305,64,0.625
2,raw,306,306,64,0.53125
2,raw,307,307,64,0.53125
2,raw,308,308,64,0.53125
2,raw,309,309,64,0.578125
2,raw,310,310,64,0.609375
2,raw,311,311,64,0.640625
2,raw,312,312,64,0.671875
2,raw,313,313,64,0.640625
2,raw,314,314,64,0.484375
2,raw,315,315,64,0.671875
2,raw,316,316,64,0.625
2,raw,317,317,64,0.625
2,raw,318,318,64,0.75
2,raw,319,319,64,0.703125
2,raw,320,320,64,0.71875
2,raw,321,321,64,0.59375
2,raw,322,322,64,0.671875
2,raw,323,323,64,0.609375
2,raw,324,324,64,0.640625
2,raw,325,325,64,0.6875
2,raw,326,326,64,0.765625
2,raw,327,327,64,0.71875
2,raw,328,328,64,0.625
2,raw,329,329,64,0.703125
2,raw,330,330,64,0.75
2,raw,331,331,64,0.640625
2,raw,332,332,64,0.625
2,raw,333,333,64,0.671875
2,raw,334,334,64,0.65625
2,raw,335,335,64,0.765625
2,raw,336,336,64,0.796875
2,raw,337,337,64,0.765625
2,raw,338,338,64,0.8125
2,raw,339,339,64,0.8125
2,raw,340,340,64,0.796875
2,raw,341,341,64,0.671875
2,raw,342,342,64,0.828125
2,raw,343,343,64,0.828125
2,raw,344,344,64,0.859375
2,raw,345,345,64,0.8125
2,raw,346,346,64,0.796875
2,raw,347,347,64,0.84375
2,raw,348,348,64,0.78125
2,raw,349,349,64,0.84375
2,raw,350,350,64,0.75
2,raw,351,351,64,0.890625
2,raw,352,352,64,0.796875
2,raw,353,353,64,0.8125
2,raw,354,354,64,0.78125
2,raw,355,355,64,0.828125
2,raw,356,356,64,0.875
2,raw,357,357,64,0.875
2,raw,358,358,64,0.828125
2,raw,359,359,64,0.9375
2,raw,360,360,64,0.9375
2,raw,361,361,64,0.796875
2,raw,362,362,64,0.84375
2,raw,363,363,64,0.859375
2,raw,364,364,64,0.8125
2,raw,365,365,64,0.859375
2,raw,366,366,64,0.875
2,raw,367,367,64,0.90625
2,raw,368,368,64,0.890625
2,raw,369,369,64,0.875
2,raw,370,370,64,0.859375
2,raw,371,371,64,0.828125
2,raw,372,372,64,0.828125
2,raw,373,373,64,0.796875
2,raw,374,374,64,0.875
2,raw,375,375,64,0.90625
2,raw,376,376,64,0.859375
2,raw,377,377,64,0.859375
2,raw,378,378,64,0.890625
2,raw,379,379,64,0.828125
2,raw,380,380,64,0.90625
2,raw,381,381,64,0.84375
2,raw,382,382,64,0.84375
2,raw,383,383,64,0.875
2,raw,384,384,64,0.828125
2,raw,385,385,64,0.875
2,raw,386,386,64,0.734375
2,raw,387,387,64,0.796875
2,raw,388,388,64,0.84375
2,raw,389,389,64,0.875
2,raw,390,390,64,0.859375
2,raw,391,391,64,0.84375
2,raw,392,392,64,0.765625
2,raw,393,393,64,0.828125
2,raw,394,394,64,0.8125
2,raw,395,395,64,0.859375
2,raw,396,396,64,0.84375
2,raw,397,397,64,0.921875
2,raw,398,398,64,0.9375
2,raw,399,399,64,0.9375
2,raw,400,400,64,0.875
2,raw,401,401,64,0.828125
2,raw,402,402,64,0.875
2,raw,403,403,64,0.828125
2,raw,404,404,64,0.859375
2,raw,405,405,64,0.890625
2,raw,406,406,64,0.875
2,raw,407,407,64,0.90625
2,raw,408,408,64,0.78125
2,raw,409,409,64,0.859375
2,raw,410,410,64,0.90625
2,raw,411,411,64,0.796875
2,raw,412,412,64,0.859375
2,raw,413,413,64,0.8125
2,raw,414,414,64,0.78125
2,raw,415,415,64,0.859375
2,raw,416,416,64,0.828125
2,raw,417,417,64,0.890625
2,raw,418,418,64,0.796875
2,raw,419,419,64,0.84375
2,raw,420,420,64,0.875
2,raw,421,421,64,0.890625
2,raw,422,422,64,0.84375
2,raw,423,423,64,0.875
2,raw,424,424,64,0.765625
2,raw,425,425,64,0.796875
2,raw,426,426,64,0.828125
2,raw,427,427,64,0.828125
2,raw,428,428,64,0.75
2,raw,429,429,64,0.765625
2,raw,430,430,64,0.84375
2,raw,431,431,64,0.96875
2,raw,432,432,64,0.84375
2,raw,433,433,64,0.859375
2,raw,434,434,64,0.875
2,raw,435,435,64,0.84375
2,raw,436,436,64,0.8125
2,raw,437,437,64,0.84375
2,raw,438,438,64,0.859375
2,raw,439,439,64,0.859375
2,raw,440,440,64,0.796875
2,raw,441,441,64,0.765625
2,raw,442,442,64,0.84375
2,raw,443,443,64,0.859375
2,raw,444,444,64,0.8125
2,raw,445,445,64,0.828125
2,raw,446,446,64,0.84375
2,raw,447,447,64,0.84375
2,raw,448,448,64,0.84375
2,raw,449,449,64,0.6875
2,raw,450,450,64,0.75
2,raw,451,451,64,0.734375
2,raw,452,452,64,0.890625
2,raw,453,453,64,0.796875
2,raw,454,454,64,0.796875
2,raw,455,455,64,0.78125
2,raw,456,456,64,0.859375
2,raw,457,457,64,0.671875
2,raw,458,458,64,0.765625
2,raw,459,459,64,0.71875
2,raw,460,460,64,0.734375
2,raw,461,461,64,0.875
2,raw,462,462,64,0.703125
2,raw,463,463,64,0.765625
2,raw,464,464,64,0.65625
2,raw,465,465,64,0.859375
2,raw,466,466,64,0.78125
2,raw,467,467,64,0.65625
2,raw,468,468,64,0.71875
2,raw,469,469,64,0.75
2,raw,470,470,64,0.796875
2,raw,471,471,64,0.71875
2,raw,472,472,64,0.734375
2,raw,473,473,64,0.734375
2,raw,474,474,64,0.640625
2,raw,475,475,64,0.65625
2,raw,476,476,64,0.71875
2,raw,477,477,64,0.6875
2,raw,478,478,64,0.65625
2,raw,479,479,64,0.59375
2,raw,480,480,64,0.671875
2,raw,481,481,64,0.703125
2,raw,482,482,64,0.640625
2,raw,483,483,64,0.46875
2,raw,484,484,64,0.609375
2,raw,485,485,64,0.6875
2,raw,486,486,64,0.734375
2,raw,487,487,64,0.703125
2,raw,488,488,64,0.6875
2,raw,489,489,64,0.640625
2,raw,490,490,64,0.703125
2,raw,491,491,64,0.640625
2,raw,492,492,64,0.625
2,raw,493,493,64,0.734375
2,raw,494,494,64,0.578125
2,raw,495,495,64,0.625
2,raw,496,496,64,0.59375
2,raw,497,497,64,0.625
2,raw,498,498,64,0.59375
2,raw,499,499,64,0.59375
2,raw,500,500,64,0.53125
