length,target_steps,variant,examples,exact_successes,exact_match,answer_token_accuracy,answer_cross_entropy,mean_sequence_min_margin,positive_sequence_margin_fraction,batch_size,elapsed_seconds,peak_cuda_memory_reserved_gib
100,100,raw,32,20,0.625,0.8125,0.9637939035892487,0.9079394191503525,0.625,8,0.2450674194842577,0.029296875
100,100,full,32,32,1.0,1.0,2.1606622513381524e-07,16.701890468597412,1.0,8,0.15363840758800507,0.029296875
105,105,raw,32,11,0.34375,0.671875,1.37028169631958,-1.2833540365099907,0.34375,8,0.11754715628921986,0.029296875
105,105,full,32,32,1.0,1.0,3.5390159691672807e-07,15.971760749816895,1.0,8,0.15153799019753933,0.029296875
110,110,raw,32,6,0.1875,0.59375,2.3562903106212616,-4.276197135448456,0.1875,8,0.13000072725117207,0.029296875
110,110,full,32,32,1.0,1.0,0.002778158235891226,14.990826845169067,1.0,8,0.15813223272562027,0.029296875
115,115,raw,32,5,0.15625,0.578125,2.857839822769165,-4.959084615111351,0.15625,8,0.14170110411942005,0.029296875
115,115,full,32,32,1.0,1.0,6.0004046524397836e-05,14.67271375656128,1.0,8,0.1838047131896019,0.029296875
120,120,raw,32,5,0.15625,0.578125,2.723038822412491,-4.563798606395721,0.15625,8,0.1470639407634735,0.029296875
120,120,full,32,32,1.0,1.0,0.00457718052309275,14.76176404953003,1.0,8,0.16733986511826515,0.029296875
125,125,raw,32,4,0.125,0.5625,4.617671847343445,-8.956751108169556,0.125,8,0.1548290904611349,0.029296875
125,125,full,32,32,1.0,1.0,0.0005682906289621314,13.451440572738647,1.0,8,0.17799627780914307,0.029296875
130,130,raw,32,1,0.03125,0.515625,4.328754365444183,-8.403545379638672,0.03125,8,0.19567742943763733,0.048828125
130,130,full,32,31,0.96875,0.984375,0.028631538661855416,14.157763242721558,0.96875,8,0.21475295163691044,0.048828125
135,135,raw,32,2,0.0625,0.53125,4.974463224411011,-9.881635189056396,0.0625,8,0.20689395256340504,0.048828125
135,135,full,32,32,1.0,1.0,0.0015585342569011118,13.799051761627197,1.0,8,0.22686463221907616,0.048828125
140,140,raw,32,1,0.03125,0.515625,5.38254189491272,-10.670744895935059,0.03125,8,0.2154244426637888,0.048828125
140,140,full,32,30,0.9375,0.96875,0.07272073916050203,13.17502212524414,0.9375,8,0.23620368540287018,0.048828125
145,145,raw,32,0,0.0,0.5,5.881306052207947,-11.760587215423584,0.0,8,0.22651436552405357,0.048828125
145,145,full,32,30,0.9375,0.96875,0.07892322837506072,12.728035926818848,0.9375,8,0.2499295100569725,0.048828125
150,150,raw,32,0,0.0,0.5,5.4385069608688354,-10.87399697303772,0.0,8,0.23669148981571198,0.048828125
150,150,full,32,32,1.0,1.0,0.00019962904180204077,14.931002855300903,1.0,8,0.2607757207006216,0.048828125
155,155,raw,32,0,0.0,0.5,6.298364877700806,-12.59659457206726,0.0,8,0.24704333022236824,0.048828125
155,155,full,32,32,1.0,1.0,0.0005028127334227861,14.514528274536133,1.0,8,0.2716357298195362,0.048828125
160,160,raw,32,0,0.0,0.5,6.357755780220032,-12.713128805160522,0.0,8,0.26868234761059284,0.048828125
160,160,full,32,28,0.875,0.9375,0.22512683900379216,11.557747602462769,0.875,8,0.293409563601017,0.048828125
165,165,raw,32,0,0.0,0.5,6.990247130393982,-13.980457305908203,0.0,8,0.2790007181465626,0.048828125
165,165,full,32,32,1.0,1.0,0.006131566259682586,13.484934329986572,1.0,8,0.3050659690052271,0.048828125
170,170,raw,32,0,0.0,0.5,6.928917407989502,-13.857727766036987,0.0,8,0.2888347003608942,0.048828125
170,170,full,32,30,0.9375,0.96875,0.07686311864244999,12.24868893623352,0.9375,8,0.3164007980376482,0.048828125
175,175,raw,32,0,0.0,0.5,7.082451105117798,-14.162322282791138,0.0,8,0.3000642415136099,0.048828125
175,175,full,32,30,0.9375,0.96875,0.28813704240019433,11.247678279876709,0.9375,8,0.3274851758033037,0.048828125
180,180,raw,32,0,0.0,0.5,7.400473237037659,-14.787086725234985,0.0,8,0.31242056749761105,0.048828125
180,180,full,32,32,1.0,1.0,0.003201227304089116,12.283733606338501,1.0,8,0.33994557335972786,0.048828125
185,185,raw,32,0,0.0,0.5,8.024471044540405,-16.048941135406494,0.0,8,0.3234426472336054,0.048828125
185,185,full,32,31,0.96875,0.984375,0.011126974651233468,12.710794687271118,0.96875,8,0.35314347222447395,0.048828125
190,190,raw,32,0,0.0,0.5,7.405259609222412,-14.78892707824707,0.0,8,0.33542936109006405,0.048828125
190,190,full,32,31,0.96875,0.984375,0.06894243583562343,12.548248767852783,0.96875,8,0.3675080630928278,0.048828125
195,195,raw,32,1,0.03125,0.515625,7.691306948661804,-15.35053825378418,0.03125,8,0.40764880552887917,0.048828125
195,195,full,32,31,0.96875,0.984375,0.06039595257607289,11.220557928085327,0.96875,8,0.4398405998945236,0.048828125
200,200,raw,32,1,0.03125,0.515625,7.466559886932373,-14.82783555984497,0.03125,8,0.42064370959997177,0.048828125
200,200,full,32,30,0.9375,0.96875,0.030929493223084137,11.337425231933594,0.9375,8,0.4529047701507807,0.048828125
205,205,raw,32,1,0.03125,0.515625,7.735326528549194,-15.407250881195068,0.03125,8,0.43354607187211514,0.048828125
205,205,full,32,29,0.90625,0.953125,0.41010285587981343,10.150730848312378,0.90625,8,0.466788986697793,0.048828125
210,210,raw,32,0,0.0,0.5,7.680836200714111,-15.361624717712402,0.0,8,0.44629983231425285,0.048828125
210,210,full,32,31,0.96875,0.984375,0.05081045803478901,12.542289018630981,0.96875,8,0.48109069652855396,0.048828125
215,215,raw,32,3,0.09375,0.546875,6.431782484054565,-12.13834261894226,0.09375,8,0.49080661311745644,0.048828125
215,215,full,32,25,0.78125,0.890625,0.8124694749712944,8.103440999984741,0.78125,8,0.5275406446307898,0.048828125
220,220,raw,32,1,0.03125,0.515625,7.192687034606934,-14.269430160522461,0.03125,8,0.5061384309083223,0.048828125
220,220,full,32,28,0.875,0.9375,0.23700082303548697,10.258065223693848,0.875,8,0.5437948908656836,0.048828125
225,225,raw,32,1,0.03125,0.515625,7.099755525588989,-13.888644695281982,0.03125,8,0.5240938495844603,0.048828125
225,225,full,32,29,0.90625,0.953125,0.28107975036255084,10.287621259689331,0.90625,8,0.5663822125643492,0.048828125
230,230,raw,32,4,0.125,0.5625,6.317119717597961,-12.127414226531982,0.125,8,0.5400955826044083,0.048828125
230,230,full,32,25,0.78125,0.890625,0.6147644594311714,8.206404328346252,0.78125,8,0.5814786795526743,0.048828125
235,235,raw,32,3,0.09375,0.546875,6.3024187088012695,-12.457785844802856,0.09375,8,0.5494868662208319,0.048828125
235,235,full,32,26,0.8125,0.90625,0.5730207972228527,8.029399991035461,0.8125,8,0.59358318336308,0.048828125
240,240,raw,32,6,0.1875,0.59375,5.846319377422333,-10.296957910060883,0.1875,8,0.5579572301357985,0.048828125
240,240,full,32,26,0.8125,0.90625,1.117011308398105,6.6434924602508545,0.8125,8,0.6039102077484131,0.048828125
245,245,raw,32,2,0.0625,0.53125,6.52949595451355,-12.93219256401062,0.0625,8,0.5694726295769215,0.048828125
245,245,full,32,30,0.9375,0.96875,0.32251696248567896,11.914759874343872,0.9375,8,0.6196277141571045,0.048828125
250,250,raw,32,5,0.15625,0.578125,4.983740448951721,-9.13303291797638,0.15625,8,0.5878131743520498,0.048828125
250,250,full,32,28,0.875,0.9375,0.27610346488654613,9.808121681213379,0.875,8,0.6351028382778168,0.048828125
255,255,raw,32,3,0.09375,0.546875,5.589140892028809,-10.002710342407227,0.09375,8,0.7318961545825005,0.048828125
255,255,full,32,26,0.8125,0.90625,0.29374772490700707,9.694622993469238,0.8125,8,0.775503545999527,0.048828125
260,260,raw,32,8,0.25,0.625,4.377797842025757,-7.459171295166016,0.25,8,0.748842678964138,0.048828125
260,260,full,32,26,0.8125,0.90625,0.42359476536512375,8.03038465976715,0.8125,8,0.7926306538283825,0.048828125
265,265,raw,32,3,0.09375,0.546875,6.064554452896118,-11.532416582107544,0.09375,8,0.7699166759848595,0.048828125
265,265,full,32,29,0.90625,0.953125,0.42834169766729246,10.881032705307007,0.90625,8,0.8238306157290936,0.048828125
270,270,raw,32,10,0.3125,0.65625,3.4508501291275024,-4.999577522277832,0.3125,8,0.7945449817925692,0.048828125
270,270,full,32,27,0.84375,0.921875,0.22689223242923617,8.492385506629944,0.84375,8,0.8440335467457771,0.048828125
275,275,raw,32,10,0.3125,0.65625,3.2599240243434906,-4.056051999330521,0.3125,8,0.8037901055067778,0.048828125
275,275,full,32,27,0.84375,0.921875,0.9248238611035049,5.524834871292114,0.84375,8,0.8591024652123451,0.048828125
280,280,raw,32,11,0.34375,0.671875,3.179402709007263,-4.496055722236633,0.34375,8,0.8246198166161776,0.048828125
280,280,full,32,28,0.875,0.9375,0.6682022656314075,8.036452531814575,0.875,8,0.8768790997564793,0.048828125
285,285,raw,32,10,0.3125,0.65625,2.4685885906219482,-3.2026054114103317,0.3125,8,0.8431290742009878,0.048828125
285,285,full,32,30,0.9375,0.96875,0.07521916722180322,8.514532804489136,0.9375,8,0.8969305902719498,0.048828125
290,290,raw,32,19,0.59375,0.796875,1.5332676470279694,1.0149342864751816,0.59375,8,0.8838518783450127,0.048828125
290,290,full,32,21,0.65625,0.828125,0.959923505783081,4.481061518192291,0.65625,8,0.9405405092984438,0.048828125
295,295,raw,32,14,0.4375,0.71875,2.5653672218322754,-2.4364196211099625,0.4375,8,0.9157532341778278,0.048828125
295,295,full,32,25,0.78125,0.890625,0.8197668045759201,6.6758846044540405,0.78125,8,0.974159000441432,0.048828125
300,300,raw,32,13,0.40625,0.703125,2.7787090837955475,-2.7421760261058807,0.40625,8,0.9364702645689249,0.048828125
300,300,full,32,23,0.71875,0.859375,0.9968479424715042,5.924240410327911,0.71875,8,0.9947608821094036,0.048828125
310,310,raw,32,18,0.5625,0.78125,1.2253378331661224,2.7200815081596375,0.5625,8,0.9604677185416222,0.068359375
310,310,full,32,24,0.75,0.875,1.1892318576574326,6.0452200174331665,0.75,8,1.022374726831913,0.068359375
320,320,raw,32,25,0.78125,0.890625,1.127789488993585,4.734510540962219,0.78125,8,1.1659366451203823,0.068359375
320,320,full,32,22,0.6875,0.84375,0.7476389780640602,4.65294885635376,0.6875,8,1.231165261939168,0.068359375
330,330,raw,32,20,0.625,0.8125,1.0544830467551947,3.003975570201874,0.625,8,1.2074899729341269,0.068359375
330,330,full,32,26,0.8125,0.90625,0.6029343903064728,7.630633234977722,0.8125,8,1.2756516076624393,0.068359375
340,340,raw,32,28,0.875,0.9375,0.7805321210671536,7.956133306026459,0.875,8,1.2413014508783817,0.068359375
340,340,full,32,22,0.6875,0.84375,0.8432646319270134,3.6860112249851227,0.6875,8,1.3132901769131422,0.068359375
350,350,raw,32,25,0.78125,0.890625,0.8383604960763478,5.676012575626373,0.78125,8,1.3060582242906094,0.068359375
350,350,full,32,23,0.71875,0.859375,1.6549878418445587,4.9432512819767,0.71875,8,1.380363466218114,0.068359375
360,360,raw,32,26,0.8125,0.90625,0.8765893299132586,7.417437314987183,0.8125,8,1.3737233970314264,0.068359375
360,360,full,32,21,0.65625,0.828125,1.6024641320109367,3.819064050912857,0.65625,8,1.4594701528549194,0.068359375
370,370,raw,32,27,0.84375,0.921875,0.7495018485933542,7.726500988006592,0.84375,8,1.42796597070992,0.068359375
370,370,full,32,20,0.625,0.8125,1.899125725030899,3.4445603489875793,0.625,8,1.5011096876114607,0.068359375
380,380,raw,32,28,0.875,0.9375,0.3052489538677037,10.619071245193481,0.875,8,1.5139642432332039,0.068359375
380,380,full,32,21,0.65625,0.828125,1.2727917432785034,4.700516223907471,0.65625,8,1.591001806780696,0.068359375
390,390,raw,32,25,0.78125,0.890625,1.0859177708625793,6.249879896640778,0.78125,8,1.7786521203815937,0.068359375
390,390,full,32,20,0.625,0.8125,2.2322782576084137,3.427158534526825,0.625,8,1.8599948659539223,0.068359375
400,400,raw,32,31,0.96875,0.984375,0.08700655288703274,12.140012741088867,0.96875,8,1.8271264918148518,0.068359375
400,400,full,32,17,0.53125,0.765625,1.7448109090328217,3.0796333253383636,0.53125,8,1.912767630070448,0.068359375
410,410,raw,32,27,0.84375,0.921875,0.6284513100981712,9.873236775398254,0.84375,8,1.851299000903964,0.068359375
410,410,full,32,15,0.46875,0.734375,1.9986960887908936,1.2674799263477325,0.46875,8,1.938695851713419,0.068359375
420,420,raw,32,29,0.90625,0.953125,0.5140212571022857,11.642783641815186,0.90625,8,1.9343737252056599,0.068359375
420,420,full,32,18,0.5625,0.78125,1.3189899921417236,3.423628404736519,0.5625,8,2.0189411900937557,0.068359375
430,430,raw,32,26,0.8125,0.90625,0.6374316290020943,10.767096996307373,0.8125,8,1.9908796604722738,0.08203125
430,430,full,32,21,0.65625,0.828125,1.64260995388031,2.1338558197021484,0.65625,8,2.0758244171738625,0.08203125
440,440,raw,32,28,0.875,0.9375,0.4840816066152911,9.187674283981323,0.875,8,2.073481574654579,0.08203125
440,440,full,32,14,0.4375,0.71875,2.1751236468553543,-0.29856759309768677,0.4375,8,2.1726757772266865,0.08203125
450,450,raw,32,28,0.875,0.9375,0.6237804144620895,8.49351978302002,0.875,8,2.4319414235651493,0.08203125
450,450,full,32,15,0.46875,0.734375,1.439908042550087,1.746372640132904,0.46875,8,2.5416166726499796,0.08203125
460,460,raw,32,29,0.90625,0.953125,0.12886264260305325,9.773548364639282,0.90625,8,2.4943211413919926,0.08203125
460,460,full,32,19,0.59375,0.796875,1.7151684761047363,0.825066328048706,0.59375,8,2.610723676159978,0.08203125
470,470,raw,32,22,0.6875,0.84375,1.4074303805828094,4.641708254814148,0.6875,8,2.5831545051187277,0.08203125
470,470,full,32,14,0.4375,0.71875,2.4003204107284546,-1.4198653399944305,0.4375,8,2.709823600947857,0.08203125
480,480,raw,32,19,0.59375,0.796875,1.660207450389862,2.564818263053894,0.59375,8,2.722255889326334,0.08203125
480,480,full,32,13,0.40625,0.703125,2.3884834349155426,-1.9193498492240906,0.40625,8,2.818227380514145,0.08203125
490,490,raw,32,20,0.625,0.8125,1.7023194432258606,2.9645688831806183,0.625,8,2.765484957024455,0.08203125
490,490,full,32,15,0.46875,0.734375,2.464422821998596,0.24997591972351074,0.46875,8,2.842313790693879,0.08203125
500,500,raw,32,18,0.5625,0.78125,2.734829306602478,-0.7847954630851746,0.5625,8,2.8388755787163973,0.08203125
500,500,full,32,11,0.34375,0.671875,2.499795287847519,-1.253424733877182,0.34375,8,2.9239256735891104,0.08203125
510,510,raw,32,14,0.4375,0.71875,2.4101271480321884,-1.1065537333488464,0.4375,8,2.9502637088298798,0.08203125
510,510,full,32,16,0.5,0.75,2.092172384262085,-1.418873369693756,0.5,8,3.053313061594963,0.08203125
520,520,raw,32,12,0.375,0.6875,3.4193882942199707,-3.557243287563324,0.375,8,3.3911341708153486,0.08203125
520,520,full,32,12,0.375,0.6875,2.498947352170944,-2.2156319320201874,0.375,8,3.5091721415519714,0.08203125
530,530,raw,32,19,0.59375,0.796875,2.5240322053432465,0.8272344768047333,0.59375,8,3.4264947585761547,0.08203125
530,530,full,32,19,0.59375,0.796875,2.374186761677265,1.9617490768432617,0.59375,8,3.5562196504324675,0.08203125
540,540,raw,32,16,0.5,0.75,2.6381626427173615,-1.9391760528087616,0.5,8,3.4774695318192244,0.08203125
540,540,full,32,19,0.59375,0.796875,1.8317844569683075,3.270212471485138,0.59375,8,3.6102303937077522,0.08203125
550,550,raw,32,7,0.21875,0.609375,4.2487713098526,-6.021164000034332,0.21875,8,3.6273038182407618,0.08203125
550,550,full,32,10,0.3125,0.65625,3.122894287109375,-2.9357505589723587,0.3125,8,3.7493839133530855,0.08203125
560,560,raw,32,11,0.34375,0.671875,3.4145520329475403,-4.217517971992493,0.34375,8,3.6790639720857143,0.08203125
560,560,full,32,13,0.40625,0.703125,3.293191373348236,-2.4287818372249603,0.40625,8,3.8052011374384165,0.08203125
570,570,raw,32,8,0.25,0.625,4.016678631305695,-5.41449499130249,0.25,8,3.7583206687122583,0.08203125
570,570,full,32,12,0.375,0.6875,2.671343743801117,-1.6979072093963623,0.375,8,3.8894531186670065,0.08203125
580,580,raw,32,6,0.1875,0.59375,5.077765941619873,-8.742576360702515,0.1875,8,4.3587445970624685,0.08203125
580,580,full,32,13,0.40625,0.703125,2.6067599654197693,-0.444799542427063,0.40625,8,4.486043751239777,0.08203125
590,590,raw,32,8,0.25,0.625,4.3097644448280334,-6.621729075908661,0.25,8,4.434420960023999,0.08203125
590,590,full,32,14,0.4375,0.71875,2.508731931447983,-1.0188988745212555,0.4375,8,4.586239006370306,0.08203125
600,600,raw,32,3,0.09375,0.546875,5.480623483657837,-10.067424893379211,0.09375,8,4.53338111564517,0.1015625
600,600,full,32,17,0.53125,0.765625,2.7458882927894592,-0.7725861668586731,0.53125,8,4.684648720547557,0.1015625
620,620,raw,32,11,0.34375,0.671875,4.706550478935242,-6.876181960105896,0.34375,8,4.698036547750235,0.1015625
620,620,full,32,9,0.28125,0.640625,3.639467775821686,-4.881993770599365,0.28125,8,4.861535115167499,0.1015625
640,640,raw,32,10,0.3125,0.65625,4.2668561935424805,-4.861558020114899,0.3125,8,5.483112744987011,0.14453125
640,640,full,32,13,0.40625,0.703125,3.5755366683006287,-3.0550993978977203,0.40625,8,5.621475771069527,0.14453125
660,660,raw,32,8,0.25,0.625,4.012809932231903,-5.871525883674622,0.25,8,5.726086737588048,0.14453125
660,660,full,32,8,0.25,0.625,4.209421932697296,-5.6301522850990295,0.25,8,5.913251917809248,0.14453125
680,680,raw,32,13,0.40625,0.703125,3.821280062198639,-4.526495799422264,0.40625,8,5.954627690836787,0.14453125
680,680,full,32,15,0.46875,0.734375,3.4696996808052063,-1.8688997030258179,0.46875,8,6.123616302385926,0.14453125
700,700,raw,32,8,0.25,0.625,3.9093223810195923,-5.642284870147705,0.25,8,6.166732635349035,0.14453125
700,700,full,32,12,0.375,0.6875,3.362834870815277,-3.611097902059555,0.375,8,6.3438964784145355,0.14453125
720,720,raw,32,17,0.53125,0.765625,2.3076458275318146,0.4519536793231964,0.53125,8,7.095649788156152,0.19140625
720,720,full,32,10,0.3125,0.65625,4.014821231365204,-5.303823083639145,0.3125,8,7.300059394910932,0.19140625
740,740,raw,32,18,0.5625,0.78125,2.531480550765991,0.08895540237426758,0.5625,8,7.361350113525987,0.19140625
740,740,full,32,11,0.34375,0.671875,3.6067129373550415,-3.187837466597557,0.34375,8,7.562894990667701,0.19140625
760,760,raw,32,19,0.59375,0.796875,2.1516940146684647,1.3552934229373932,0.59375,8,7.700490454211831,0.19140625
760,760,full,32,13,0.40625,0.703125,3.3198222517967224,-3.1416012942790985,0.40625,8,7.906125886365771,0.19140625
780,780,raw,32,20,0.625,0.8125,1.9543798565864563,2.739839732646942,0.625,8,8.780096158385277,0.2421875
780,780,full,32,11,0.34375,0.671875,3.3669045865535736,-3.5858880281448364,0.34375,8,8.999499883502722,0.2421875
800,800,raw,32,25,0.78125,0.890625,1.3534492489416152,6.140015482902527,0.78125,8,9.06112391129136,0.2421875
800,800,full,32,8,0.25,0.625,4.2196725606918335,-5.188499927520752,0.25,8,9.244897343218327,0.2421875
820,820,raw,32,21,0.65625,0.828125,1.3845811486244202,5.925400257110596,0.65625,8,9.326464131474495,0.2421875
820,820,full,32,6,0.1875,0.59375,5.006718635559082,-7.335051774978638,0.1875,8,9.481220846995711,0.2421875
840,840,raw,32,26,0.8125,0.90625,0.7214910114316808,8.868898153305054,0.8125,8,10.53454365581274,0.296875
840,840,full,32,7,0.21875,0.609375,4.418241709470749,-6.189865291118622,0.21875,8,10.689163442701101,0.296875
860,860,raw,32,27,0.84375,0.921875,0.6722894490667386,9.225056648254395,0.84375,8,10.790762171149254,0.296875
860,860,full,32,10,0.3125,0.65625,4.168019950389862,-4.995296150445938,0.3125,8,10.935715241357684,0.296875
880,880,raw,32,24,0.75,0.875,1.1915980279445648,6.602045297622681,0.75,8,11.250706234946847,0.296875
880,880,full,32,8,0.25,0.625,3.814785361289978,-4.92486435174942,0.25,8,11.545143345370889,0.296875
900,900,raw,32,23,0.71875,0.859375,1.507977694272995,5.796340346336365,0.71875,8,12.636227399110794,0.35546875
900,900,full,32,8,0.25,0.625,4.5783950090408325,-6.677903771400452,0.25,8,12.93402117304504,0.35546875
920,920,raw,32,19,0.59375,0.796875,2.0167624950408936,2.202998161315918,0.59375,8,12.934990774840117,0.35546875
920,920,full,32,8,0.25,0.625,4.592529475688934,-7.139552712440491,0.25,8,13.243805842474103,0.35546875
940,940,raw,32,15,0.46875,0.734375,2.2256354093551636,0.7980352193117142,0.46875,8,13.283561151474714,0.35546875
940,940,full,32,7,0.21875,0.609375,4.558136940002441,-6.451405763626099,0.21875,8,13.575422175228596,0.35546875
960,960,raw,32,18,0.5625,0.78125,2.581053912639618,0.734881654381752,0.5625,8,14.900526218116283,0.41796875
960,960,full,32,14,0.4375,0.71875,3.7374507784843445,-4.216535061597824,0.4375,8,15.196760583668947,0.41796875
980,980,raw,32,9,0.28125,0.640625,4.613761365413666,-5.875531792640686,0.28125,8,15.2823068741709,0.41796875
980,980,full,32,11,0.34375,0.671875,3.6072782576084137,-4.066055536270142,0.34375,8,15.684165600687265,0.41796875
1000,1000,raw,32,13,0.40625,0.703125,3.5495675206184387,-3.1070898175239563,0.40625,8,15.687260491773486,0.41796875
1000,1000,full,32,10,0.3125,0.65625,4.272390067577362,-5.849200010299683,0.3125,8,16.100508827716112,0.41796875
