variant,length,loop,examples,correct,exact_match,elapsed
J,500,500,128,59,0.4609375,20.386739492416382
J,505,505,128,55,0.4296875,20.66023588180542
J,510,510,128,60,0.46875,20.773221015930176
J,515,515,128,61,0.4765625,23.712926626205444
J,520,520,128,62,0.484375,24.09818148612976
J,525,525,128,67,0.5234375,24.33134627342224
J,530,530,128,59,0.4609375,24.594127416610718
J,535,535,128,47,0.3671875,24.95328378677368
J,540,540,128,52,0.40625,25.432066917419434
J,545,545,128,55,0.4296875,25.712958097457886
J,550,550,128,62,0.484375,26.106563806533813
J,555,555,128,61,0.4765625,26.385029792785645
J,560,560,128,61,0.4765625,26.66217613220215
J,565,565,128,49,0.3828125,27.0242817401886
J,570,570,128,55,0.4296875,27.33295750617981
J,575,575,128,45,0.3515625,31.230682611465454
J,580,580,128,62,0.484375,31.69852876663208
J,585,585,128,41,0.3203125,31.976314067840576
J,590,590,128,35,0.2734375,32.24923396110535
J,595,595,128,44,0.34375,32.835888385772705
J,600,600,128,55,0.4296875,33.98642086982727
J,605,605,128,51,0.3984375,33.354175090789795
J,610,610,128,50,0.390625,33.8773980140686
J,615,615,128,51,0.3984375,34.19973111152649
J,620,620,128,52,0.40625,34.58232665061951
J,625,625,128,43,0.3359375,34.917306900024414
J,630,630,128,50,0.390625,35.3061318397522
J,635,635,128,53,0.4140625,35.61558127403259
J,640,640,128,46,0.359375,40.50618863105774
J,645,645,128,51,0.3984375,40.82978701591492
J,650,650,128,42,0.328125,41.35070514678955
J,655,655,128,40,0.3125,41.86358714103699
J,660,660,128,45,0.3515625,42.335301876068115
J,665,665,128,46,0.359375,42.70925450325012
J,670,670,128,45,0.3515625,43.15674567222595
J,675,675,128,48,0.375,43.60957980155945
J,680,680,128,45,0.3515625,43.88988733291626
J,685,685,128,44,0.34375,44.47148633003235
J,690,690,128,44,0.34375,44.85359168052673
J,695,695,128,33,0.2578125,45.173887491226196
J,700,700,128,51,0.3984375,45.64090824127197
J,705,705,128,46,0.359375,51.463629961013794
J,710,710,128,48,0.375,51.82272696495056
J,715,715,128,52,0.40625,52.41968894004822
J,720,720,128,59,0.4609375,52.85466718673706
J,725,725,128,45,0.3515625,53.23782753944397
J,730,730,128,53,0.4140625,53.81976366043091
J,735,735,128,44,0.34375,54.34163427352905
J,740,740,128,52,0.40625,54.71015381813049
J,745,745,128,44,0.34375,55.32055306434631
J,750,750,128,42,0.328125,55.67493152618408
J,755,755,128,40,0.3125,56.304604291915894
J,760,760,128,46,0.359375,56.883641719818115
J,765,765,128,53,0.4140625,57.26280736923218
J,770,770,128,50,0.390625,64.01803493499756
J,775,775,128,56,0.4375,64.66304445266724
J,780,780,128,45,0.3515625,65.0947253704071
J,785,785,128,42,0.328125,65.59690737724304
J,790,790,128,37,0.2890625,66.26139736175537
J,795,795,128,38,0.296875,66.80113101005554
J,800,800,128,44,0.34375,67.31357717514038
J,805,805,128,32,0.25,67.91126370429993
J,810,810,128,40,0.3125,68.64154052734375
J,815,815,128,37,0.2890625,69.05585598945618
J,820,820,128,47,0.3671875,69.7072868347168
J,825,825,128,43,0.3359375,70.17993664741516
J,830,830,128,51,0.3984375,70.69185137748718
J,835,835,128,47,0.3671875,78.39765310287476
J,840,840,128,36,0.28125,78.80401754379272
J,845,845,128,44,0.34375,79.37703919410706
J,850,850,128,38,0.296875,80.02385902404785
J,855,855,128,47,0.3671875,80.82167148590088
J,860,860,128,42,0.328125,81.24023866653442
J,865,865,128,38,0.296875,82.26782202720642
J,870,870,128,37,0.2890625,82.75354194641113
J,875,875,128,46,0.359375,83.34428453445435
J,880,880,128,36,0.28125,83.99626469612122
J,885,885,128,45,0.3515625,84.54751205444336
J,890,890,128,47,0.3671875,85.26194858551025
J,895,895,128,35,0.2734375,94.44706845283508
J,900,900,128,45,0.3515625,95.03621172904968
J,905,905,128,46,0.359375,95.64849543571472
J,910,910,128,43,0.3359375,96.4202880859375
J,915,915,128,39,0.3046875,96.94620871543884
J,920,920,128,51,0.3984375,97.64526724815369
J,925,925,128,46,0.359375,98.47444653511047
J,930,930,128,43,0.3359375,99.14396119117737
J,935,935,128,42,0.328125,99.74320244789124
J,940,940,128,41,0.3203125,100.52571606636047
J,945,945,128,43,0.3359375,101.16161394119263
J,950,950,128,43,0.3359375,101.59328532218933
J,955,955,128,49,0.3828125,102.45532584190369
J,960,960,128,42,0.328125,112.59124064445496
J,965,965,128,52,0.40625,113.26050996780396
J,970,970,128,42,0.328125,114.14691877365112
J,975,975,128,45,0.3515625,115.38746738433838
J,980,980,128,38,0.296875,115.67807245254517
J,985,985,128,51,0.3984375,116.51825737953186
J,990,990,128,46,0.359375,117.4202151298523
J,995,995,128,38,0.296875,118.00545859336853
J,1000,1000,128,32,0.25,119.03902077674866
raw,500,500,128,71,0.5546875,20.386079788208008
raw,505,505,128,65,0.5078125,20.657413005828857
raw,510,510,128,73,0.5703125,20.772221565246582
raw,515,515,128,66,0.515625,23.712544441223145
raw,520,520,128,59,0.4609375,24.09779977798462
raw,525,525,128,67,0.5234375,24.33070683479309
raw,530,530,128,53,0.4140625,24.59047245979309
raw,535,535,128,51,0.3984375,24.95286226272583
raw,540,540,128,39,0.3046875,25.429763078689575
raw,545,545,128,56,0.4375,25.71260666847229
raw,550,550,128,40,0.3125,26.10615563392639
raw,555,555,128,44,0.34375,26.384458780288696
raw,560,560,128,41,0.3203125,26.661824941635132
raw,565,565,128,33,0.2578125,27.023914575576782
raw,570,570,128,28,0.21875,27.33251190185547
raw,575,575,128,20,0.15625,31.23031783103943
raw,580,580,128,43,0.3359375,31.69813299179077
raw,585,585,128,33,0.2578125,31.97590184211731
raw,590,590,128,34,0.265625,32.24897599220276
raw,595,595,128,28,0.21875,32.83555054664612
raw,600,600,128,24,0.1875,33.98602223396301
raw,605,605,128,34,0.265625,33.35381579399109
raw,610,610,128,21,0.1640625,33.87700581550598
raw,615,615,128,38,0.296875,34.1993408203125
raw,620,620,128,24,0.1875,34.582011461257935
raw,625,625,128,36,0.28125,34.916990995407104
raw,630,630,128,30,0.234375,35.30572867393494
raw,635,635,128,37,0.2890625,35.61524271965027
raw,640,640,128,33,0.2578125,40.50579357147217
raw,645,645,128,31,0.2421875,40.829384565353394
raw,650,650,128,28,0.21875,41.35036516189575
raw,655,655,128,41,0.3203125,41.86319446563721
raw,660,660,128,36,0.28125,42.33490252494812
raw,665,665,128,35,0.2734375,42.708908557891846
raw,670,670,128,39,0.3046875,43.15638303756714
raw,675,675,128,37,0.2890625,43.609169244766235
raw,680,680,128,41,0.3203125,43.889525413513184
raw,685,685,128,47,0.3671875,44.47111487388611
raw,690,690,128,50,0.390625,44.853182315826416
raw,695,695,128,47,0.3671875,45.17352294921875
raw,700,700,128,50,0.390625,45.64053153991699
raw,705,705,128,48,0.375,51.463244915008545
raw,710,710,128,55,0.4296875,51.822373151779175
raw,715,715,128,47,0.3671875,52.41929388046265
raw,720,720,128,55,0.4296875,52.85428333282471
raw,725,725,128,56,0.4375,53.23745822906494
raw,730,730,128,62,0.484375,53.81938147544861
raw,735,735,128,60,0.46875,54.34123134613037
raw,740,740,128,58,0.453125,54.709803342819214
raw,745,745,128,72,0.5625,55.320151567459106
raw,750,750,128,74,0.578125,55.674540519714355
raw,755,755,128,74,0.578125,56.30423069000244
raw,760,760,128,80,0.625,56.883259296417236
raw,765,765,128,87,0.6796875,57.2624135017395
raw,770,770,128,75,0.5859375,64.01767873764038
raw,775,775,128,78,0.609375,64.66265058517456
raw,780,780,128,91,0.7109375,65.09431529045105
raw,785,785,128,88,0.6875,65.59655928611755
raw,790,790,128,83,0.6484375,66.26100707054138
raw,795,795,128,86,0.671875,66.80073046684265
raw,800,800,128,82,0.640625,67.31319689750671
raw,805,805,128,93,0.7265625,67.91086745262146
raw,810,810,128,92,0.71875,68.641108751297
raw,815,815,128,95,0.7421875,69.0554850101471
raw,820,820,128,97,0.7578125,69.70666313171387
raw,825,825,128,93,0.7265625,70.17953085899353
raw,830,830,128,88,0.6875,70.69146966934204
raw,835,835,128,85,0.6640625,78.39726209640503
raw,840,840,128,93,0.7265625,78.80361533164978
raw,845,845,128,96,0.75,79.37663984298706
raw,850,850,128,91,0.7109375,80.02346920967102
raw,855,855,128,95,0.7421875,80.82122302055359
raw,860,860,128,93,0.7265625,81.23984551429749
raw,865,865,128,93,0.7265625,82.26743006706238
raw,870,870,128,83,0.6484375,82.75314140319824
raw,875,875,128,80,0.625,83.34382677078247
raw,880,880,128,83,0.6484375,83.99586176872253
raw,885,885,128,82,0.640625,84.5470883846283
raw,890,890,128,83,0.6484375,85.26158547401428
raw,895,895,128,84,0.65625,94.44663619995117
raw,900,900,128,73,0.5703125,95.03578305244446
raw,905,905,128,81,0.6328125,95.6481294631958
raw,910,910,128,80,0.625,96.41986131668091
raw,915,915,128,74,0.578125,96.9457802772522
raw,920,920,128,80,0.625,97.64488101005554
raw,925,925,128,78,0.609375,98.47402000427246
raw,930,930,128,65,0.5078125,99.14355540275574
raw,935,935,128,71,0.5546875,99.74284029006958
raw,940,940,128,58,0.453125,100.5253119468689
raw,945,945,128,71,0.5546875,101.16120529174805
raw,950,950,128,64,0.5,101.59290885925293
raw,955,955,128,62,0.484375,102.4549126625061
raw,960,960,128,60,0.46875,112.59085488319397
raw,965,965,128,60,0.46875,113.26011943817139
raw,970,970,128,50,0.390625,114.14650106430054
raw,975,975,128,52,0.40625,115.38685059547424
raw,980,980,128,58,0.453125,115.67768263816833
raw,985,985,128,65,0.5078125,116.51783013343811
raw,990,990,128,45,0.3515625,117.41971445083618
raw,995,995,128,51,0.3984375,118.005056142807
raw,1000,1000,128,47,0.3671875,119.0384292602539
