backbone_seed,boundary,path_depth_mod10,prediction_fraction,mean_probability
3,embedding,0,0.1,0.10000035911798477
3,embedding,1,0.1,0.10000035911798477
3,embedding,2,0.1,0.10000035911798477
3,embedding,3,0.1,0.10000035911798477
3,embedding,4,0.1,0.10000036656856537
3,embedding,5,0.1,0.10000035911798477
3,embedding,6,0.1,0.10000036656856537
3,embedding,7,0.1,0.10000036656856537
3,embedding,8,0.1,0.10000036656856537
3,embedding,9,0.1,0.10000036656856537
3,loop1_L1_attn,0,0.816796875,0.7617568373680115
3,loop1_L1_attn,1,0.183203125,0.11825738102197647
3,loop1_L1_attn,2,0.0,0.015353878028690815
3,loop1_L1_attn,3,0.0,0.014816475100815296
3,loop1_L1_attn,4,0.0,0.014696705155074596
3,loop1_L1_attn,5,0.0,0.014998091384768486
3,loop1_L1_attn,6,0.0,0.015045573003590107
3,loop1_L1_attn,7,0.0,0.014998825266957283
3,loop1_L1_attn,8,0.0,0.014754111878573895
3,loop1_L1_attn,9,0.0,0.015321669168770313
3,loop1_L1_mlp,0,0.8,0.7784509062767029
3,loop1_L1_mlp,1,0.2,0.19220539927482605
3,loop1_L1_mlp,2,0.0,0.003645600751042366
3,loop1_L1_mlp,3,0.0,0.003642527386546135
3,loop1_L1_mlp,4,0.0,0.0035810854751616716
3,loop1_L1_mlp,5,0.0,0.003668946446850896
3,loop1_L1_mlp,6,0.0,0.003708329051733017
3,loop1_L1_mlp,7,0.0,0.00373225100338459
3,loop1_L1_mlp,8,0.0,0.0036356032360345125
3,loop1_L1_mlp,9,0.0,0.003728700801730156
3,loop1_L2_attn,0,0.8,0.7620102763175964
3,loop1_L2_attn,1,0.0,0.007485582027584314
3,loop1_L2_attn,2,0.2,0.18849393725395203
3,loop1_L2_attn,3,0.0,0.006093221716582775
3,loop1_L2_attn,4,0.0,0.006019343622028828
3,loop1_L2_attn,5,0.0,0.005915047600865364
3,loop1_L2_attn,6,0.0,0.006014990620315075
3,loop1_L2_attn,7,0.0,0.006007620133459568
3,loop1_L2_attn,8,0.0,0.006023488938808441
3,loop1_L2_attn,9,0.0,0.0059363823384046555
3,loop1_L2_mlp,0,0.8,0.7953332662582397
3,loop1_L2_mlp,1,0.0,0.0006625851383432746
3,loop1_L2_mlp,2,0.2,0.19998010993003845
3,loop1_L2_mlp,3,0.0,0.0005710682016797364
3,loop1_L2_mlp,4,0.0,0.0005578453419730067
3,loop1_L2_mlp,5,0.0,0.0005803647800348699
3,loop1_L2_mlp,6,0.0,0.0005833345931023359
3,loop1_L2_mlp,7,0.0,0.0005717437015846372
3,loop1_L2_mlp,8,0.0,0.0005715924198739231
3,loop1_L2_mlp,9,0.0,0.0005878498195670545
3,loop2_L1_attn,0,0.8,0.7932273149490356
3,loop2_L1_attn,1,0.0,0.0010032495483756065
3,loop2_L1_attn,2,0.2,0.19993987679481506
3,loop2_L1_attn,3,0.0,0.0008392383460886776
3,loop2_L1_attn,4,0.0,0.00082353939069435
3,loop2_L1_attn,5,0.0,0.0008406255510635674
3,loop2_L1_attn,6,0.0,0.0008449091692455113
3,loop2_L1_attn,7,0.0,0.0008307769894599915
3,loop2_L1_attn,8,0.0,0.0008541251299902797
3,loop2_L1_attn,9,0.0,0.0007964211399666965
3,loop2_L1_mlp,0,0.8,0.7977946400642395
3,loop2_L1_mlp,1,0.0,0.000313933560391888
3,loop2_L1_mlp,2,0.2,0.20001289248466492
3,loop2_L1_mlp,3,0.0,0.0002714409783948213
3,loop2_L1_mlp,4,0.0,0.0002707919920794666
3,loop2_L1_mlp,5,0.0,0.00027676328318193555
3,loop2_L1_mlp,6,0.0,0.00027546504861675203
3,loop2_L1_mlp,7,0.0,0.00026976087247021496
3,loop2_L1_mlp,8,0.0,0.0002727876417338848
3,loop2_L1_mlp,9,0.0,0.0002400490629952401
3,loop2_L2_attn,0,0.00625,0.024516675621271133
3,loop2_L2_attn,1,0.019921875,0.019649077206850052
3,loop2_L2_attn,2,0.76796875,0.7125102281570435
3,loop2_L2_attn,3,0.00625,0.011741234920918941
3,loop2_L2_attn,4,0.19140625,0.18343396484851837
3,loop2_L2_attn,5,0.001953125,0.009761068038642406
3,loop2_L2_attn,6,0.003125,0.0096243005245924
3,loop2_L2_attn,7,0.001171875,0.009758016094565392
3,loop2_L2_attn,8,0.0015625,0.009840614162385464
3,loop2_L2_attn,9,0.000390625,0.009164267219603062
3,loop2_L2_mlp,0,0.0078125,0.008611982688307762
3,loop2_L2_mlp,1,0.0171875,0.012743925675749779
3,loop2_L2_mlp,2,0.77421875,0.759061336517334
3,loop2_L2_mlp,3,0.00390625,0.005817105527967215
3,loop2_L2_mlp,4,0.18984375,0.19046366214752197
3,loop2_L2_mlp,5,0.001171875,0.004506652243435383
3,loop2_L2_mlp,6,0.0015625,0.004761696793138981
3,loop2_L2_mlp,7,0.001171875,0.0047636739909648895
3,loop2_L2_mlp,8,0.000390625,0.004590020980685949
3,loop2_L2_mlp,9,0.002734375,0.004679580219089985
3,loop3_L1_attn,0,0.0078125,0.008668656460940838
3,loop3_L1_attn,1,0.015625,0.00969439372420311
3,loop3_L1_attn,2,0.777734375,0.7601276636123657
3,loop3_L1_attn,3,0.002734375,0.005533082410693169
3,loop3_L1_attn,4,0.190625,0.1901944875717163
3,loop3_L1_attn,5,0.00078125,0.004852494690567255
3,loop3_L1_attn,6,0.0015625,0.0053007048554718494
3,loop3_L1_attn,7,0.0015625,0.005195797421038151
3,loop3_L1_attn,8,0.000390625,0.0051714517176151276
3,loop3_L1_attn,9,0.001171875,0.005261680576950312
3,loop3_L1_mlp,0,0.008203125,0.008665194734930992
3,loop3_L1_mlp,1,0.015625,0.011436179280281067
3,loop3_L1_mlp,2,0.773046875,0.7616246938705444
3,loop3_L1_mlp,3,0.005078125,0.005688590928912163
3,loop3_L1_mlp,4,0.1890625,0.19051797688007355
3,loop3_L1_mlp,5,0.00234375,0.004210841841995716
3,loop3_L1_mlp,6,0.00234375,0.004463809542357922
3,loop3_L1_mlp,7,0.0015625,0.0043177311308681965
3,loop3_L1_mlp,8,0.001171875,0.004273724742233753
3,loop3_L1_mlp,9,0.0015625,0.004800206981599331
3,loop3_L2_attn,0,0.00625,0.015740493312478065
3,loop3_L2_attn,1,0.000390625,0.008362890221178532
3,loop3_L2_attn,2,0.051953125,0.05652675777673721
3,loop3_L2_attn,3,0.006640625,0.009471626952290535
3,loop3_L2_attn,4,0.75,0.703765332698822
3,loop3_L2_attn,5,0.000390625,0.008441777899861336
3,loop3_L2_attn,6,0.182421875,0.175428107380867
3,loop3_L2_attn,7,0.000390625,0.007660683244466782
3,loop3_L2_attn,8,0.00078125,0.007258677389472723
3,loop3_L2_attn,9,0.00078125,0.007343698292970657
3,loop3_L2_mlp,0,0.00625,0.008005752228200436
3,loop3_L2_mlp,1,0.000390625,0.00443532969802618
3,loop3_L2_mlp,2,0.05234375,0.05261915177106857
3,loop3_L2_mlp,3,0.00703125,0.00492854742333293
3,loop3_L2_mlp,4,0.748828125,0.7330714464187622
3,loop3_L2_mlp,5,0.001171875,0.00419597839936614
3,loop3_L2_mlp,6,0.181640625,0.18057847023010254
3,loop3_L2_mlp,7,0.00078125,0.004216630477458239
3,loop3_L2_mlp,8,0.00078125,0.003995838575065136
3,loop3_L2_mlp,9,0.00078125,0.003951306454837322
3,loop4_L1_attn,0,0.002734375,0.007318947464227676
3,loop4_L1_attn,1,0.00078125,0.004595899023115635
3,loop4_L1_attn,2,0.051171875,0.052601635456085205
3,loop4_L1_attn,3,0.00390625,0.004061392042785883
3,loop4_L1_attn,4,0.751953125,0.7332652807235718
3,loop4_L1_attn,5,0.001171875,0.004184904973953962
3,loop4_L1_attn,6,0.184375,0.1808210164308548
3,loop4_L1_attn,7,0.001171875,0.004473603796213865
3,loop4_L1_attn,8,0.001171875,0.0044035520404577255
3,loop4_L1_attn,9,0.0015625,0.00427244184538722
3,loop4_L1_mlp,0,0.00234375,0.006337723694741726
3,loop4_L1_mlp,1,0.0015625,0.004583020228892565
3,loop4_L1_mlp,2,0.051171875,0.052941758185625076
3,loop4_L1_mlp,3,0.007421875,0.005019498988986015
3,loop4_L1_mlp,4,0.75,0.7346779108047485
3,loop4_L1_mlp,5,0.001953125,0.004334375727921724
3,loop4_L1_mlp,6,0.18203125,0.18053308129310608
3,loop4_L1_mlp,7,0.001953125,0.003937326371669769
3,loop4_L1_mlp,8,0.00078125,0.003977189306169748
3,loop4_L1_mlp,9,0.00078125,0.003656868590041995
3,loop4_L2_attn,0,0.00234375,0.014120064675807953
3,loop4_L2_attn,1,0.0015625,0.008104180917143822
3,loop4_L2_attn,2,0.003515625,0.011632373556494713
3,loop4_L2_attn,3,0.00078125,0.006947222165763378
3,loop4_L2_attn,4,0.09296875,0.09483151137828827
3,loop4_L2_attn,5,0.0015625,0.007454754319041967
3,loop4_L2_attn,6,0.72109375,0.6773281097412109
3,loop4_L2_attn,7,0.0,0.007732975296676159
3,loop4_L2_attn,8,0.175390625,0.1645430028438568
3,loop4_L2_attn,9,0.00078125,0.0073063550516963005
3,loop4_L2_mlp,0,0.001171875,0.005478091537952423
3,loop4_L2_mlp,1,0.001171875,0.003652238054201007
3,loop4_L2_mlp,2,0.00390625,0.0054479725658893585
3,loop4_L2_mlp,3,0.00078125,0.0032785877119749784
3,loop4_L2_mlp,4,0.09296875,0.09440449625253677
3,loop4_L2_mlp,5,0.003515625,0.003179745050147176
3,loop4_L2_mlp,6,0.71953125,0.7052719593048096
3,loop4_L2_mlp,7,0.000390625,0.0034843937028199434
3,loop4_L2_mlp,8,0.175390625,0.17234200239181519
3,loop4_L2_mlp,9,0.001171875,0.003458527848124504
3,loop5_L1_attn,0,0.001171875,0.005401105619966984
3,loop5_L1_attn,1,0.0015625,0.004021006170660257
3,loop5_L1_attn,2,0.003515625,0.0054905349388718605
3,loop5_L1_attn,3,0.00078125,0.0036371895112097263
3,loop5_L1_attn,4,0.09296875,0.09427603334188461
3,loop5_L1_attn,5,0.0015625,0.0029652032535523176
3,loop5_L1_attn,6,0.719921875,0.7049147486686707
3,loop5_L1_attn,7,0.00078125,0.003455015365034342
3,loop5_L1_attn,8,0.17578125,0.17226600646972656
3,loop5_L1_attn,9,0.001953125,0.003571976674720645
3,loop5_L1_mlp,0,0.001953125,0.005200894083827734
3,loop5_L1_mlp,1,0.0,0.0033566909842193127
3,loop5_L1_mlp,2,0.0015625,0.004541201051324606
3,loop5_L1_mlp,3,0.00078125,0.0032959487289190292
3,loop5_L1_mlp,4,0.09375,0.09563320875167847
3,loop5_L1_mlp,5,0.00546875,0.004072966985404491
3,loop5_L1_mlp,6,0.71796875,0.70504230260849
3,loop5_L1_mlp,7,0.00234375,0.0038692238740622997
3,loop5_L1_mlp,8,0.175,0.17178836464881897
3,loop5_L1_mlp,9,0.001171875,0.0031974506564438343
3,loop5_L2_attn,0,0.00234375,0.012343944050371647
3,loop5_L2_attn,1,0.001953125,0.005742593202739954
3,loop5_L2_attn,2,0.0,0.00783286802470684
3,loop5_L2_attn,3,0.000390625,0.0047495365142822266
3,loop5_L2_attn,4,0.00078125,0.006691916845738888
3,loop5_L2_attn,5,0.000390625,0.004704209975898266
3,loop5_L2_attn,6,0.13984375,0.1444038450717926
3,loop5_L2_attn,7,0.0,0.004424465820193291
3,loop5_L2_attn,8,0.854296875,0.803685188293457
3,loop5_L2_attn,9,0.0,0.005420857109129429
3,loop5_L2_mlp,0,0.0015625,0.0031466789077967405
3,loop5_L2_mlp,1,0.001953125,0.002238033339381218
3,loop5_L2_mlp,2,0.0,0.0015217881882563233
3,loop5_L2_mlp,3,0.000390625,0.0012306480202823877
3,loop5_L2_mlp,4,0.00078125,0.0015680802753195167
3,loop5_L2_mlp,5,0.0,0.0009986469522118568
3,loop5_L2_mlp,6,0.13984375,0.14002516865730286
3,loop5_L2_mlp,7,0.0,0.0006988407112658024
3,loop5_L2_mlp,8,0.85546875,0.8473523259162903
3,loop5_L2_mlp,9,0.0,0.0012203888036310673
3,loop6_L1_attn,0,0.0015625,0.003074832260608673
3,loop6_L1_attn,1,0.0015625,0.0022722312714904547
3,loop6_L1_attn,2,0.0,0.0018335178028792143
3,loop6_L1_attn,3,0.000390625,0.0014415571931749582
3,loop6_L1_attn,4,0.00078125,0.0017288199160248041
3,loop6_L1_attn,5,0.000390625,0.0012291597668081522
3,loop6_L1_attn,6,0.13984375,0.13989397883415222
3,loop6_L1_attn,7,0.0,0.000673056289087981
3,loop6_L1_attn,8,0.85546875,0.8464499711990356
3,loop6_L1_attn,9,0.0,0.0014031454920768738
3,loop6_L1_mlp,0,0.001171875,0.0024696881882846355
3,loop6_L1_mlp,1,0.001171875,0.0020199501886963844
3,loop6_L1_mlp,2,0.0,0.0014588345075026155
3,loop6_L1_mlp,3,0.000390625,0.0011791946599259973
3,loop6_L1_mlp,4,0.000390625,0.001410009921528399
3,loop6_L1_mlp,5,0.000390625,0.0011532861972227693
3,loop6_L1_mlp,6,0.13984375,0.1405223309993744
3,loop6_L1_mlp,7,0.0,0.0009443451417610049
3,loop6_L1_mlp,8,0.856640625,0.8474769592285156
3,loop6_L1_mlp,9,0.0,0.0013657131930813193
3,loop6_L2_attn,0,0.0,0.001965559786185622
3,loop6_L2_attn,1,0.0,0.0006626241956837475
3,loop6_L2_attn,2,0.0,0.0015951460227370262
3,loop6_L2_attn,3,0.0,0.0006669944268651307
3,loop6_L2_attn,4,0.0,0.0011081432458013296
3,loop6_L2_attn,5,0.0,0.0006676084594801068
3,loop6_L2_attn,6,0.00078125,0.0023937574587762356
3,loop6_L2_attn,7,0.0,0.0005711913108825684
3,loop6_L2_attn,8,0.99921875,0.9897282719612122
3,loop6_L2_attn,9,0.0,0.0006429135100916028
3,loop6_L2_mlp,0,0.0,6.759096868336201e-05
3,loop6_L2_mlp,1,0.0,1.0746634870884009e-05
3,loop6_L2_mlp,2,0.0,5.419768422143534e-05
3,loop6_L2_mlp,3,0.0,1.2183982107671909e-05
3,loop6_L2_mlp,4,0.0,1.726044501992874e-05
3,loop6_L2_mlp,5,0.0,1.3122681593813468e-05
3,loop6_L2_mlp,6,0.000390625,0.0004023818182758987
3,loop6_L2_mlp,7,0.0,1.9798246285063215e-05
3,loop6_L2_mlp,8,0.999609375,0.9994044303894043
3,loop6_L2_mlp,9,0.0,9.850418791756965e-06
3,loop7_L1_attn,0,0.0,9.02250103536062e-05
3,loop7_L1_attn,1,0.0,1.9748100385186262e-05
3,loop7_L1_attn,2,0.0,7.078049384290352e-05
3,loop7_L1_attn,3,0.0,2.0412633602973074e-05
3,loop7_L1_attn,4,0.0,3.164137160638347e-05
3,loop7_L1_attn,5,0.0,2.2167794668348506e-05
3,loop7_L1_attn,6,0.000390625,0.00042025133734568954
3,loop7_L1_attn,7,0.0,2.483367279637605e-05
3,loop7_L1_attn,8,0.999609375,0.9992939233779907
3,loop7_L1_attn,9,0.0,1.7691914763418026e-05
3,loop7_L1_mlp,0,0.0,6.138744356576353e-05
3,loop7_L1_mlp,1,0.0,1.477646583225578e-05
3,loop7_L1_mlp,2,0.0,3.704693153849803e-05
3,loop7_L1_mlp,3,0.0,1.6581900126766413e-05
3,loop7_L1_mlp,4,0.0,1.965894080058206e-05
3,loop7_L1_mlp,5,0.0,1.7130030755652115e-05
3,loop7_L1_mlp,6,0.000390625,0.0004028698895126581
3,loop7_L1_mlp,7,0.0,2.5285506126238033e-05
3,loop7_L1_mlp,8,0.999609375,0.9994038343429565
3,loop7_L1_mlp,9,0.0,1.3944384591013659e-05
3,loop7_L2_attn,0,0.0,5.356334804673679e-05
3,loop7_L2_attn,1,0.0,1.0486540304555092e-05
3,loop7_L2_attn,2,0.0,4.0137289033737034e-05
3,loop7_L2_attn,3,0.0,1.1305513908155262e-05
3,loop7_L2_attn,4,0.0,1.612113010196481e-05
3,loop7_L2_attn,5,0.0,1.3065039638604503e-05
3,loop7_L2_attn,6,0.000390625,0.0004015467711724341
3,loop7_L2_attn,7,0.0,2.073176801786758e-05
3,loop7_L2_attn,8,0.999609375,0.9994349479675293
3,loop7_L2_attn,9,0.0,1.1204411748622078e-05
3,loop7_L2_mlp,0,0.0,1.0692983778426424e-05
3,loop7_L2_mlp,1,0.0,1.5842153970879735e-06
3,loop7_L2_mlp,2,0.0,4.36850586993387e-06
3,loop7_L2_mlp,3,0.0,1.7602858406462474e-06
3,loop7_L2_mlp,4,0.0,2.0965355815860676e-06
3,loop7_L2_mlp,5,0.0,1.955835841727094e-06
3,loop7_L2_mlp,6,0.000390625,0.00039184256456792355
3,loop7_L2_mlp,7,0.0,2.2290737433650065e-06
3,loop7_L2_mlp,8,0.999609375,0.9995927810668945
3,loop7_L2_mlp,9,0.0,1.722206093290879e-06
3,loop8_L1_attn,0,0.0,1.3763898095930927e-05
3,loop8_L1_attn,1,0.0,2.2918795821169624e-06
3,loop8_L1_attn,2,0.0,5.680091817339417e-06
3,loop8_L1_attn,3,0.0,2.532918642828008e-06
3,loop8_L1_attn,4,0.0,3.1894091989670414e-06
3,loop8_L1_attn,5,0.0,2.762438043646398e-06
3,loop8_L1_attn,6,0.000390625,0.00039294030284509063
3,loop8_L1_attn,7,0.0,2.672092250577407e-06
3,loop8_L1_attn,8,0.999609375,0.9995840787887573
3,loop8_L1_attn,9,0.0,2.4311636934726266e-06
3,loop8_L1_mlp,0,0.0,1.0117953934241086e-05
3,loop8_L1_mlp,1,0.0,1.893974513222929e-06
3,loop8_L1_mlp,2,0.0,3.5243415368313435e-06
3,loop8_L1_mlp,3,0.0,2.0835736904700752e-06
3,loop8_L1_mlp,4,0.0,2.1364173790061614e-06
3,loop8_L1_mlp,5,0.0,2.1951298094791127e-06
3,loop8_L1_mlp,6,0.000390625,0.00039198421291075647
3,loop8_L1_mlp,7,0.0,2.135347585863201e-06
3,loop8_L1_mlp,8,0.999609375,0.9995943307876587
3,loop8_L1_mlp,9,0.0,1.954121444214252e-06
3,loop8_L2_attn,0,0.0,0.0003790432238020003
3,loop8_L2_attn,1,0.0,4.098615136172157e-06
3,loop8_L2_attn,2,0.0,1.6791544112493284e-05
3,loop8_L2_attn,3,0.0,4.427145540830679e-06
3,loop8_L2_attn,4,0.0,5.8406571952218655e-06
3,loop8_L2_attn,5,0.0,4.6255922825366724e-06
3,loop8_L2_attn,6,0.000390625,0.00039374284096993506
3,loop8_L2_attn,7,0.0,4.787008947459981e-06
3,loop8_L2_attn,8,0.999609375,0.9991961717605591
3,loop8_L2_attn,9,0.0,4.217946298012976e-06
3,loop8_L2_mlp,0,0.0,0.0006974727148190141
3,loop8_L2_mlp,1,0.0,1.7425670648663072e-06
3,loop8_L2_mlp,2,0.0,6.234279226191575e-06
3,loop8_L2_mlp,3,0.0,1.9966703348472947e-06
3,loop8_L2_mlp,4,0.0,2.327180254724226e-06
3,loop8_L2_mlp,5,0.0,1.985511971724918e-06
3,loop8_L2_mlp,6,0.000390625,0.0003917856083717197
3,loop8_L2_mlp,7,0.0,1.9438614344835514e-06
3,loop8_L2_mlp,8,0.999609375,0.9989029765129089
3,loop8_L2_mlp,9,0.0,1.8734710920398356e-06
3,loop9_L1_attn,0,0.0,0.0006665855180472136
3,loop9_L1_attn,1,0.0,2.400268613200751e-06
3,loop9_L1_attn,2,0.0,8.803046512184665e-06
3,loop9_L1_attn,3,0.0,2.7916325961996336e-06
3,loop9_L1_attn,4,0.0,3.606562358982046e-06
3,loop9_L1_attn,5,0.0,2.743174718489172e-06
3,loop9_L1_attn,6,0.000390625,0.00039238124736584723
3,loop9_L1_attn,7,0.0,2.4856867639755365e-06
3,loop9_L1_attn,8,0.999609375,0.9989277720451355
3,loop9_L1_attn,9,0.0,2.5423573788430076e-06
3,loop9_L1_mlp,0,0.0,0.0008454167982563376
3,loop9_L1_mlp,1,0.0,2.165327259717742e-06
3,loop9_L1_mlp,2,0.0,6.546908025484299e-06
3,loop9_L1_mlp,3,0.0,2.402194922979106e-06
3,loop9_L1_mlp,4,0.0,2.719071289902786e-06
3,loop9_L1_mlp,5,0.0,2.401323854428483e-06
3,loop9_L1_mlp,6,0.000390625,0.0003920295275747776
3,loop9_L1_mlp,7,0.0,2.213903371739434e-06
3,loop9_L1_mlp,8,0.999609375,0.9987534284591675
3,loop9_L1_mlp,9,0.0,2.273662630614126e-06
3,loop9_L2_attn,0,0.001953125,0.003828407498076558
3,loop9_L2_attn,1,0.0,8.585897376178764e-06
3,loop9_L2_attn,2,0.0,0.00010191158071393147
3,loop9_L2_attn,3,0.0,8.134729796438478e-06
3,loop9_L2_attn,4,0.0,1.3268510883790441e-05
3,loop9_L2_attn,5,0.0,8.844994226819836e-06
3,loop9_L2_attn,6,0.000390625,0.0003964573552366346
3,loop9_L2_attn,7,0.0,8.553626685170457e-06
3,loop9_L2_attn,8,0.99765625,0.9956291913986206
3,loop9_L2_attn,9,0.0,8.20664718048647e-06
3,loop9_L2_mlp,0,0.00546875,0.007100834511220455
3,loop9_L2_mlp,1,0.0,4.6453583308903035e-06
3,loop9_L2_mlp,2,0.0,6.24752210569568e-05
3,loop9_L2_mlp,3,0.0,4.922593689116184e-06
3,loop9_L2_mlp,4,0.0,7.914635716588236e-06
3,loop9_L2_mlp,5,0.0,5.1462875489960425e-06
3,loop9_L2_mlp,6,0.000390625,0.00039358873618766665
3,loop9_L2_mlp,7,0.0,4.80914422951173e-06
3,loop9_L2_mlp,8,0.994140625,0.9924208521842957
3,loop9_L2_mlp,9,0.0,4.591313427226851e-06
3,loop10_L1_attn,0,0.005078125,0.006935432553291321
3,loop10_L1_attn,1,0.0,6.264849162107566e-06
3,loop10_L1_attn,2,0.0,9.329915337730199e-05
3,loop10_L1_attn,3,0.0,6.659144673903938e-06
3,loop10_L1_attn,4,0.0,1.1150594218634069e-05
3,loop10_L1_attn,5,0.0,7.262558938236907e-06
3,loop10_L1_attn,6,0.000390625,0.00039471761556342244
3,loop10_L1_attn,7,0.0,6.224149728950579e-06
3,loop10_L1_attn,8,0.99453125,0.9925433397293091
3,loop10_L1_attn,9,0.0,6.210675110196462e-06
3,loop10_L1_mlp,0,0.00625,0.009119538590312004
3,loop10_L1_mlp,1,0.0,5.730215889343526e-06
3,loop10_L1_mlp,2,0.0,6.284704431891441e-05
3,loop10_L1_mlp,3,0.0,6.0140273490105756e-06
3,loop10_L1_mlp,4,0.0,8.50543256092351e-06
3,loop10_L1_mlp,5,0.0,6.51054233458126e-06
3,loop10_L1_mlp,6,0.000390625,0.00039411018951795995
3,loop10_L1_mlp,7,0.0,5.676331966242287e-06
3,loop10_L1_mlp,8,0.993359375,0.9903955459594727
3,loop10_L1_mlp,9,0.0,5.6545623010606505e-06
3,loop10_L2_attn,0,0.009375,0.01333944033831358
3,loop10_L2_attn,1,0.0,1.6662415873724967e-05
3,loop10_L2_attn,2,0.000390625,0.0005623850738629699
3,loop10_L2_attn,3,0.0,1.6259438780252822e-05
3,loop10_L2_attn,4,0.0,2.8412967367330566e-05
3,loop10_L2_attn,5,0.0,1.7723077689879574e-05
3,loop10_L2_attn,6,0.000390625,0.00040571397403255105
3,loop10_L2_attn,7,0.0,1.5793444617884234e-05
3,loop10_L2_attn,8,0.98984375,0.9855870008468628
3,loop10_L2_attn,9,0.0,1.695722676231526e-05
3,loop10_L2_mlp,0,0.015234375,0.020284565165638924
3,loop10_L2_mlp,1,0.0,1.004992827802198e-05
3,loop10_L2_mlp,2,0.000390625,0.000625944638159126
3,loop10_L2_mlp,3,0.0,1.0914372069237288e-05
3,loop10_L2_mlp,4,0.0,1.961357702384703e-05
3,loop10_L2_mlp,5,0.0,1.178190086648101e-05
3,loop10_L2_mlp,6,0.000390625,0.0003979761968366802
3,loop10_L2_mlp,7,0.0,1.0517950613575522e-05
3,loop10_L2_mlp,8,0.983984375,0.9786261320114136
3,loop10_L2_mlp,9,0.0,1.0388817827333696e-05
5,embedding,0,0.1,0.09999922662973404
5,embedding,1,0.1,0.09999922662973404
5,embedding,2,0.1,0.09999922662973404
5,embedding,3,0.1,0.09999922662973404
5,embedding,4,0.1,0.09999922662973404
5,embedding,5,0.1,0.09999922662973404
5,embedding,6,0.1,0.09999922662973404
5,embedding,7,0.1,0.09999922662973404
5,embedding,8,0.1,0.09999922662973404
5,embedding,9,0.1,0.09999922662973404
5,loop1_L1_attn,0,0.8,0.5565485954284668
5,loop1_L1_attn,1,0.2,0.13196668028831482
5,loop1_L1_attn,2,0.0,0.03857916593551636
5,loop1_L1_attn,3,0.0,0.0383705273270607
5,loop1_L1_attn,4,0.0,0.03918377682566643
5,loop1_L1_attn,5,0.0,0.03841078653931618
5,loop1_L1_attn,6,0.0,0.03877407684922218
5,loop1_L1_attn,7,0.0,0.03975221514701843
5,loop1_L1_attn,8,0.0,0.03901014104485512
5,loop1_L1_attn,9,0.0,0.03940378129482269
5,loop1_L1_mlp,0,0.8,0.6492689847946167
5,loop1_L1_mlp,1,0.2,0.18199612200260162
5,loop1_L1_mlp,2,0.0,0.02096254751086235
5,loop1_L1_mlp,3,0.0,0.021271219477057457
5,loop1_L1_mlp,4,0.0,0.02114759013056755
5,loop1_L1_mlp,5,0.0,0.020741112530231476
5,loop1_L1_mlp,6,0.0,0.020895369350910187
5,loop1_L1_mlp,7,0.0,0.021453330293297768
5,loop1_L1_mlp,8,0.0,0.021277422085404396
5,loop1_L1_mlp,9,0.0,0.020986109972000122
5,loop1_L2_attn,0,0.8,0.606667697429657
5,loop1_L2_attn,1,0.0,0.030908089131116867
5,loop1_L2_attn,2,0.2,0.19722293317317963
5,loop1_L2_attn,3,0.0,0.024474095553159714
5,loop1_L2_attn,4,0.0,0.023604020476341248
5,loop1_L2_attn,5,0.0,0.02312164381146431
5,loop1_L2_attn,6,0.0,0.023359935730695724
5,loop1_L2_attn,7,0.0,0.02364281564950943
5,loop1_L2_attn,8,0.0,0.023480724543333054
5,loop1_L2_attn,9,0.0,0.023518186062574387
5,loop1_L2_mlp,0,0.8,0.7048553228378296
5,loop1_L2_mlp,1,0.0,0.012767729349434376
5,loop1_L2_mlp,2,0.2,0.2077953815460205
5,loop1_L2_mlp,3,0.0,0.01095319353044033
5,loop1_L2_mlp,4,0.0,0.010626492090523243
5,loop1_L2_mlp,5,0.0,0.010370325297117233
5,loop1_L2_mlp,6,0.0,0.010615112259984016
5,loop1_L2_mlp,7,0.0,0.010673985816538334
5,loop1_L2_mlp,8,0.0,0.01051319856196642
5,loop1_L2_mlp,9,0.0,0.010829577222466469
5,loop2_L1_attn,0,0.8,0.6838202476501465
5,loop2_L1_attn,1,0.0,0.015344517305493355
5,loop2_L1_attn,2,0.2,0.20963430404663086
5,loop2_L1_attn,3,0.0,0.013298934325575829
5,loop2_L1_attn,4,0.0,0.01298039685934782
5,loop2_L1_attn,5,0.0,0.0127379996702075
5,loop2_L1_attn,6,0.0,0.013011935167014599
5,loop2_L1_attn,7,0.0,0.012990890070796013
5,loop2_L1_attn,8,0.0,0.012993383221328259
5,loop2_L1_attn,9,0.0,0.013186991214752197
5,loop2_L1_mlp,0,0.8,0.747684121131897
5,loop2_L1_mlp,1,0.0,0.006934774108231068
5,loop2_L1_mlp,2,0.2,0.20426979660987854
5,loop2_L1_mlp,3,0.0,0.006030798424035311
5,loop2_L1_mlp,4,0.0,0.005845065228641033
5,loop2_L1_mlp,5,0.0,0.005709504242986441
5,loop2_L1_mlp,6,0.0,0.005838080309331417
5,loop2_L1_mlp,7,0.0,0.005911604501307011
5,loop2_L1_mlp,8,0.0,0.005835205316543579
5,loop2_L1_mlp,9,0.0,0.005941989831626415
5,loop2_L2_attn,0,0.0,0.045844342559576035
5,loop2_L2_attn,1,0.0,0.01283387653529644
5,loop2_L2_attn,2,0.8,0.6709862351417542
5,loop2_L2_attn,3,0.0,0.013261692598462105
5,loop2_L2_attn,4,0.19921875,0.19686302542686462
5,loop2_L2_attn,5,0.0,0.011889435350894928
5,loop2_L2_attn,6,0.000390625,0.011967611499130726
5,loop2_L2_attn,7,0.0,0.011881561949849129
5,loop2_L2_attn,8,0.0,0.012173381634056568
5,loop2_L2_attn,9,0.000390625,0.012298967689275742
5,loop2_L2_mlp,0,0.0,0.009455465711653233
5,loop2_L2_mlp,1,0.0,0.0035315770655870438
5,loop2_L2_mlp,2,0.799609375,0.7671664953231812
5,loop2_L2_mlp,3,0.0,0.003627004800364375
5,loop2_L2_mlp,4,0.199609375,0.1991395652294159
5,loop2_L2_mlp,5,0.0,0.00317963445559144
5,loop2_L2_mlp,6,0.000390625,0.0035176663659512997
5,loop2_L2_mlp,7,0.0,0.0032530943863093853
5,loop2_L2_mlp,8,0.0,0.003293567104265094
5,loop2_L2_mlp,9,0.000390625,0.003835459006950259
5,loop3_L1_attn,0,0.0,0.012780549935996532
5,loop3_L1_attn,1,0.0,0.004666799679398537
5,loop3_L1_attn,2,0.799609375,0.7579904198646545
5,loop3_L1_attn,3,0.0,0.004620423074811697
5,loop3_L1_attn,4,0.199609375,0.19763585925102234
5,loop3_L1_attn,5,0.0,0.004217443056404591
5,loop3_L1_attn,6,0.000390625,0.004611891694366932
5,loop3_L1_attn,7,0.0,0.004283359739929438
5,loop3_L1_attn,8,0.0,0.0043183425441384315
5,loop3_L1_attn,9,0.000390625,0.004874935373663902
5,loop3_L1_mlp,0,0.0,0.008177245035767555
5,loop3_L1_mlp,1,0.0,0.0026788990944623947
5,loop3_L1_mlp,2,0.79921875,0.7757405042648315
5,loop3_L1_mlp,3,0.0,0.002565265167504549
5,loop3_L1_mlp,4,0.2,0.1976158171892166
5,loop3_L1_mlp,5,0.0,0.0023745549842715263
5,loop3_L1_mlp,6,0.000390625,0.00283732614479959
5,loop3_L1_mlp,7,0.0,0.0025053636636584997
5,loop3_L1_mlp,8,0.0,0.002439857227727771
5,loop3_L1_mlp,9,0.000390625,0.0030664275400340557
5,loop3_L2_attn,0,0.0,0.017631802707910538
5,loop3_L2_attn,1,0.00078125,0.00754715409129858
5,loop3_L2_attn,2,0.0,0.01925775595009327
5,loop3_L2_attn,3,0.0,0.005648795980960131
5,loop3_L2_attn,4,0.798828125,0.7411512136459351
5,loop3_L2_attn,5,0.0,0.00666092848405242
5,loop3_L2_attn,6,0.2,0.18355877697467804
5,loop3_L2_attn,7,0.0,0.006141174118965864
5,loop3_L2_attn,8,0.000390625,0.0063669756054878235
5,loop3_L2_attn,9,0.0,0.00603516073897481
5,loop3_L2_mlp,0,0.0,0.004508839454501867
5,loop3_L2_mlp,1,0.00078125,0.003075332148000598
5,loop3_L2_mlp,2,0.0,0.004272175021469593
5,loop3_L2_mlp,3,0.0,0.002046661451458931
5,loop3_L2_mlp,4,0.798828125,0.7803566455841064
5,loop3_L2_mlp,5,0.0,0.002281789667904377
5,loop3_L2_mlp,6,0.2,0.19680465757846832
5,loop3_L2_mlp,7,0.0,0.002082863124087453
5,loop3_L2_mlp,8,0.000390625,0.002457947703078389
5,loop3_L2_mlp,9,0.0,0.002112708752974868
5,loop4_L1_attn,0,0.0,0.007623923476785421
5,loop4_L1_attn,1,0.00078125,0.004888235591351986
5,loop4_L1_attn,2,0.0,0.007735222578048706
5,loop4_L1_attn,3,0.0,0.0037272931076586246
5,loop4_L1_attn,4,0.798828125,0.7647310495376587
5,loop4_L1_attn,5,0.0,0.003998307045549154
5,loop4_L1_attn,6,0.2,0.19533690810203552
5,loop4_L1_attn,7,0.0,0.003869094420224428
5,loop4_L1_attn,8,0.000390625,0.004259494598954916
5,loop4_L1_attn,9,0.0,0.003830874804407358
5,loop4_L1_mlp,0,0.0,0.006381114479154348
5,loop4_L1_mlp,1,0.00078125,0.0038320862222462893
5,loop4_L1_mlp,2,0.0,0.005968582816421986
5,loop4_L1_mlp,3,0.0,0.0027729528956115246
5,loop4_L1_mlp,4,0.798828125,0.7713438272476196
5,loop4_L1_mlp,5,0.0,0.0028354141395539045
5,loop4_L1_mlp,6,0.2,0.1980016529560089
5,loop4_L1_mlp,7,0.0,0.002867084462195635
5,loop4_L1_mlp,8,0.000390625,0.0032045990228652954
5,loop4_L1_mlp,9,0.0,0.0027923937886953354
5,loop4_L2_attn,0,0.000390625,0.018930837512016296
5,loop4_L2_attn,1,0.0,0.009523304179310799
5,loop4_L2_attn,2,0.000390625,0.018860867246985435
5,loop4_L2_attn,3,0.00078125,0.00961681455373764
5,loop4_L2_attn,4,0.0078125,0.03746481612324715
5,loop4_L2_attn,5,0.000390625,0.008141430094838142
5,loop4_L2_attn,6,0.79296875,0.7060944437980652
5,loop4_L2_attn,7,0.0,0.009096913039684296
5,loop4_L2_attn,8,0.197265625,0.17324823141098022
5,loop4_L2_attn,9,0.0,0.009022856131196022
5,loop4_L2_mlp,0,0.000390625,0.005119718611240387
5,loop4_L2_mlp,1,0.0,0.0029745884239673615
5,loop4_L2_mlp,2,0.0,0.004773911088705063
5,loop4_L2_mlp,3,0.00078125,0.0039051317144185305
5,loop4_L2_mlp,4,0.000390625,0.0067372978664934635
5,loop4_L2_mlp,5,0.000390625,0.0032980379182845354
5,loop4_L2_mlp,6,0.7984375,0.7685673236846924
5,loop4_L2_mlp,7,0.0,0.002864000853151083
5,loop4_L2_mlp,8,0.199609375,0.19889985024929047
5,loop4_L2_mlp,9,0.0,0.002860712120309472
5,loop5_L1_attn,0,0.000390625,0.009094350039958954
5,loop5_L1_attn,1,0.0,0.005688465666025877
5,loop5_L1_attn,2,0.000390625,0.009096340276300907
5,loop5_L1_attn,3,0.00078125,0.006475879345089197
5,loop5_L1_attn,4,0.000390625,0.011233928613364697
5,loop5_L1_attn,5,0.000390625,0.005752059165388346
5,loop5_L1_attn,6,0.798046875,0.7406612038612366
5,loop5_L1_attn,7,0.0,0.005432190839201212
5,loop5_L1_attn,8,0.199609375,0.20112796127796173
5,loop5_L1_attn,9,0.0,0.0054374197497963905
5,loop5_L1_mlp,0,0.000390625,0.005624845623970032
5,loop5_L1_mlp,1,0.0,0.003542190883308649
5,loop5_L1_mlp,2,0.000390625,0.005740461405366659
5,loop5_L1_mlp,3,0.001171875,0.004256383515894413
5,loop5_L1_mlp,4,0.0,0.006502280477434397
5,loop5_L1_mlp,5,0.000390625,0.0035380851477384567
5,loop5_L1_mlp,6,0.798046875,0.7637502551078796
5,loop5_L1_mlp,7,0.0,0.0032343771308660507
5,loop5_L1_mlp,8,0.199609375,0.2004268914461136
5,loop5_L1_mlp,9,0.0,0.0033841091208159924
5,loop5_L2_attn,0,0.00078125,0.01912080869078636
5,loop5_L2_attn,1,0.0,0.009343518875539303
5,loop5_L2_attn,2,0.0,0.013966672122478485
5,loop5_L2_attn,3,0.0,0.009182707406580448
5,loop5_L2_attn,4,0.0,0.016022803261876106
5,loop5_L2_attn,5,0.0015625,0.009757377207279205
5,loop5_L2_attn,6,0.0,0.01708819344639778
5,loop5_L2_attn,7,0.0,0.0074324109591543674
5,loop5_L2_attn,8,0.99765625,0.8881567716598511
5,loop5_L2_attn,9,0.0,0.009928598068654537
5,loop5_L2_mlp,0,0.00078125,0.0025394149124622345
5,loop5_L2_mlp,1,0.0,0.0008627221104688942
5,loop5_L2_mlp,2,0.0,0.0011615932453423738
5,loop5_L2_mlp,3,0.0,0.0009608044056221843
5,loop5_L2_mlp,4,0.0,0.0010706593748182058
5,loop5_L2_mlp,5,0.0015625,0.002275532577186823
5,loop5_L2_mlp,6,0.0,0.0005251741968095303
5,loop5_L2_mlp,7,0.0,0.0006184680387377739
5,loop5_L2_mlp,8,0.99765625,0.9887601733207703
5,loop5_L2_mlp,9,0.0,0.001224141102284193
5,loop6_L1_attn,0,0.00078125,0.002969055436551571
5,loop6_L1_attn,1,0.0,0.001101780217140913
5,loop6_L1_attn,2,0.0,0.0014667694922536612
5,loop6_L1_attn,3,0.0,0.0011885504936799407
5,loop6_L1_attn,4,0.0,0.0013311916263774037
5,loop6_L1_attn,5,0.0015625,0.002437810879200697
5,loop6_L1_attn,6,0.0,0.0006132052512839437
5,loop6_L1_attn,7,0.0,0.0007717720000073314
5,loop6_L1_attn,8,0.99765625,0.9866536259651184
5,loop6_L1_attn,9,0.0,0.0014661526074633002
5,loop6_L1_mlp,0,0.00078125,0.0020648029167205095
5,loop6_L1_mlp,1,0.0,0.0006815679953433573
5,loop6_L1_mlp,2,0.0,0.0008052744087763131
5,loop6_L1_mlp,3,0.0,0.0006987576489336789
5,loop6_L1_mlp,4,0.0,0.0007292545633390546
5,loop6_L1_mlp,5,0.0015625,0.002067303517833352
5,loop6_L1_mlp,6,0.0,0.00037071682163514197
5,loop6_L1_mlp,7,0.0,0.00044789104140363634
5,loop6_L1_mlp,8,0.99765625,0.9912103414535522
5,loop6_L1_mlp,9,0.0,0.00092458410654217
5,loop6_L2_attn,0,0.00078125,0.002037223195657134
5,loop6_L2_attn,1,0.0,0.0007004599901847541
5,loop6_L2_attn,2,0.0,0.00078933424083516
5,loop6_L2_attn,3,0.0,0.0007576247444376349
5,loop6_L2_attn,4,0.0,0.0007757677813060582
5,loop6_L2_attn,5,0.0015625,0.00207786844111979
5,loop6_L2_attn,6,0.0,0.0003775089862756431
5,loop6_L2_attn,7,0.0,0.0004767512436956167
5,loop6_L2_attn,8,0.99765625,0.9910435676574707
5,loop6_L2_attn,9,0.0,0.0009641717188060284
5,loop6_L2_mlp,0,0.00078125,0.0009635873138904572
5,loop6_L2_mlp,1,0.0,9.105545177590102e-05
5,loop6_L2_mlp,2,0.0,0.00010160560486838222
5,loop6_L2_mlp,3,0.0,0.0001652898790780455
5,loop6_L2_mlp,4,0.0,0.00010963466775137931
5,loop6_L2_mlp,5,0.0015625,0.0015578195452690125
5,loop6_L2_mlp,6,0.0,5.904517092858441e-05
5,loop6_L2_mlp,7,0.0,5.0605951400939375e-05
5,loop6_L2_mlp,8,0.99765625,0.9967259168624878
5,loop6_L2_mlp,9,0.0,0.00017634063260629773
5,loop7_L1_attn,0,0.00078125,0.0010165836429223418
5,loop7_L1_attn,1,0.0,0.0001238071417901665
5,loop7_L1_attn,2,0.0,0.0001352217368548736
5,loop7_L1_attn,3,0.0,0.0001883812656160444
5,loop7_L1_attn,4,0.0,0.00014553738583344966
5,loop7_L1_attn,5,0.0015625,0.001569925807416439
5,loop7_L1_attn,6,0.0,7.034292502794415e-05
5,loop7_L1_attn,7,0.0,6.921857129782438e-05
5,loop7_L1_attn,8,0.99765625,0.996475100517273
5,loop7_L1_attn,9,0.0,0.00020673254039138556
5,loop7_L1_mlp,0,0.00078125,0.0009437692351639271
5,loop7_L1_mlp,1,0.0,8.603661262895912e-05
5,loop7_L1_mlp,2,0.0,9.823010623222217e-05
5,loop7_L1_mlp,3,0.0,0.0001459951454307884
5,loop7_L1_mlp,4,0.0,0.00011101368727395311
5,loop7_L1_mlp,5,0.0015625,0.0015471180668100715
5,loop7_L1_mlp,6,0.0,5.306255116011016e-05
5,loop7_L1_mlp,7,0.0,5.016531213186681e-05
5,loop7_L1_mlp,8,0.99765625,0.9968217611312866
5,loop7_L1_mlp,9,0.0,0.0001431552809663117
5,loop7_L2_attn,0,0.00078125,0.0010935112368315458
5,loop7_L2_attn,1,0.0,0.00016150028386618942
5,loop7_L2_attn,2,0.0,0.0001610866456758231
5,loop7_L2_attn,3,0.0,0.000241681351326406
5,loop7_L2_attn,4,0.0,0.0002495841181371361
5,loop7_L2_attn,5,0.0015625,0.0016066664829850197
5,loop7_L2_attn,6,0.0,9.467359632253647e-05
5,loop7_L2_attn,7,0.0,0.00010762480087578297
5,loop7_L2_attn,8,0.99765625,0.9960281252861023
5,loop7_L2_attn,9,0.0,0.00025505395024083555
5,loop7_L2_mlp,0,0.00078125,0.0009761544642969966
5,loop7_L2_mlp,1,0.0,6.777695671189576e-05
5,loop7_L2_mlp,2,0.0,6.386674795066938e-05
5,loop7_L2_mlp,3,0.0,0.00015022768639028072
5,loop7_L2_mlp,4,0.0,0.00013760007277596742
5,loop7_L2_mlp,5,0.001171875,0.0014662431785836816
5,loop7_L2_mlp,6,0.0,4.4380856706993654e-05
5,loop7_L2_mlp,7,0.0,4.0201059164246544e-05
5,loop7_L2_mlp,8,0.998046875,0.9969433546066284
5,loop7_L2_mlp,9,0.0,0.00011349086707923561
5,loop8_L1_attn,0,0.00078125,0.0010069413110613823
5,loop8_L1_attn,1,0.0,9.194467565976083e-05
5,loop8_L1_attn,2,0.0,8.94470140337944e-05
5,loop8_L1_attn,3,0.0,0.00016535884060431272
5,loop8_L1_attn,4,0.0,0.00017024163389578462
5,loop8_L1_attn,5,0.001171875,0.001482711755670607
5,loop8_L1_attn,6,0.0,5.578614218393341e-05
5,loop8_L1_attn,7,0.0,5.591195076704025e-05
5,loop8_L1_attn,8,0.998046875,0.9967525601387024
5,loop8_L1_attn,9,0.0,0.00013151491293683648
5,loop8_L1_mlp,0,0.00078125,0.0010030807461589575
5,loop8_L1_mlp,1,0.0,8.944291766965762e-05
5,loop8_L1_mlp,2,0.0,8.295759471366182e-05
5,loop8_L1_mlp,3,0.0,0.00014490426110569388
5,loop8_L1_mlp,4,0.0,0.00017778834444470704
5,loop8_L1_mlp,5,0.001171875,0.001473556854762137
5,loop8_L1_mlp,6,0.0,5.151647565071471e-05
5,loop8_L1_mlp,7,0.0,4.970574445906095e-05
5,loop8_L1_mlp,8,0.998046875,0.996821403503418
5,loop8_L1_mlp,9,0.0,0.0001092371967388317
5,loop8_L2_attn,0,0.001171875,0.0012782400008291006
5,loop8_L2_attn,1,0.0,0.00017146446043625474
5,loop8_L2_attn,2,0.0,0.000153229950228706
5,loop8_L2_attn,3,0.0,0.0002453237830195576
5,loop8_L2_attn,4,0.0,0.0003628635313361883
5,loop8_L2_attn,5,0.001171875,0.0015951248351484537
5,loop8_L2_attn,6,0.0,0.00010538563219597563
5,loop8_L2_attn,7,0.0,0.00012687293929047883
5,loop8_L2_attn,8,0.99765625,0.9957524538040161
5,loop8_L2_attn,9,0.0,0.00020927880541421473
5,loop8_L2_mlp,0,0.001171875,0.0012571890838444233
5,loop8_L2_mlp,1,0.0,0.0001230426278198138
5,loop8_L2_mlp,2,0.0,9.295572090195492e-05
5,loop8_L2_mlp,3,0.0,0.00019844190683215857
5,loop8_L2_mlp,4,0.0,0.0003276838397141546
5,loop8_L2_mlp,5,0.0015625,0.00148173444904387
5,loop8_L2_mlp,6,0.0,6.869428034406155e-05
5,loop8_L2_mlp,7,0.0,8.371909643756226e-05
5,loop8_L2_mlp,8,0.997265625,0.9962475895881653
5,loop8_L2_mlp,9,0.0,0.00012303593393880874
5,loop9_L1_attn,0,0.001171875,0.001289965701289475
5,loop9_L1_attn,1,0.0,0.00015407873434014618
5,loop9_L1_attn,2,0.0,0.00012484556646086276
5,loop9_L1_attn,3,0.0,0.000221571113797836
5,loop9_L1_attn,4,0.0,0.0003542411723174155
5,loop9_L1_attn,5,0.0015625,0.0015123464399948716
5,loop9_L1_attn,6,0.0,8.499367686454207e-05
5,loop9_L1_attn,7,0.0,0.00010494934394955635
5,loop9_L1_attn,8,0.997265625,0.9960082173347473
5,loop9_L1_attn,9,0.0,0.00014733278658241034
5,loop9_L1_mlp,0,0.001171875,0.0013088209088891745
5,loop9_L1_mlp,1,0.0,0.00016145214613061398
5,loop9_L1_mlp,2,0.0,0.00012311901082284749
5,loop9_L1_mlp,3,0.0,0.00021580830798484385
5,loop9_L1_mlp,4,0.0,0.0003486627829261124
5,loop9_L1_mlp,5,0.0015625,0.0014958789106458426
5,loop9_L1_mlp,6,0.0,8.252408588305116e-05
5,loop9_L1_mlp,7,0.0,0.00010377457510912791
5,loop9_L1_mlp,8,0.997265625,0.9960190057754517
5,loop9_L1_mlp,9,0.0,0.00014460562670137733
5,loop9_L2_attn,0,0.001171875,0.0017633183160796762
5,loop9_L2_attn,1,0.0,0.0002682501799426973
5,loop9_L2_attn,2,0.0,0.00021571987599600106
5,loop9_L2_attn,3,0.0,0.00034121068893000484
5,loop9_L2_attn,4,0.000390625,0.0005218394799157977
5,loop9_L2_attn,5,0.0015625,0.001670671859756112
5,loop9_L2_attn,6,0.0,0.00014250839012674987
5,loop9_L2_attn,7,0.0,0.00020789829432033002
5,loop9_L2_attn,8,0.996875,0.9946149587631226
5,loop9_L2_attn,9,0.0,0.0002529277990106493
5,loop9_L2_mlp,0,0.001171875,0.001908918609842658
5,loop9_L2_mlp,1,0.0,0.0002263918286189437
5,loop9_L2_mlp,2,0.0,0.00017249619122594595
5,loop9_L2_mlp,3,0.0,0.000313182536046952
5,loop9_L2_mlp,4,0.000390625,0.0005141895962879062
5,loop9_L2_mlp,5,0.0015625,0.0016250725602731109
5,loop9_L2_mlp,6,0.0,0.00010814783308887854
5,loop9_L2_mlp,7,0.0,0.00018630456179380417
5,loop9_L2_mlp,8,0.996875,0.9947589039802551
5,loop9_L2_mlp,9,0.0,0.0001889214909169823
5,loop10_L1_attn,0,0.001171875,0.001999212894588709
5,loop10_L1_attn,1,0.0,0.0002652770490385592
5,loop10_L1_attn,2,0.0,0.0002053982752840966
5,loop10_L1_attn,3,0.0,0.00033759750658646226
5,loop10_L1_attn,4,0.000390625,0.0005252251867204905
5,loop10_L1_attn,5,0.0015625,0.0016479149926453829
5,loop10_L1_attn,6,0.0,0.00012467140913940966
5,loop10_L1_attn,7,0.0,0.00020617592963390052
5,loop10_L1_attn,8,0.996875,0.994472861289978
5,loop10_L1_attn,9,0.0,0.00021553112310357392
5,loop10_L1_mlp,0,0.001171875,0.002110134344547987
5,loop10_L1_mlp,1,0.0,0.00029815983725711703
5,loop10_L1_mlp,2,0.0,0.0002025199355557561
5,loop10_L1_mlp,3,0.0,0.0003589197003748268
5,loop10_L1_mlp,4,0.000390625,0.0005177970742806792
5,loop10_L1_mlp,5,0.0015625,0.0016562032978981733
5,loop10_L1_mlp,6,0.0,0.00013082452642265707
5,loop10_L1_mlp,7,0.0,0.00023061948013491929
5,loop10_L1_mlp,8,0.996875,0.9942528009414673
5,loop10_L1_mlp,9,0.0,0.00024269951973110437
5,loop10_L2_attn,0,0.001171875,0.002526290249079466
5,loop10_L2_attn,1,0.0,0.0004007283132523298
5,loop10_L2_attn,2,0.0,0.0002907144953496754
5,loop10_L2_attn,3,0.0,0.0004953551106154919
5,loop10_L2_attn,4,0.000390625,0.0006421925500035286
5,loop10_L2_attn,5,0.0015625,0.0018581124022603035
5,loop10_L2_attn,6,0.0,0.00017983504221774638
5,loop10_L2_attn,7,0.0,0.00034964908263646066
5,loop10_L2_attn,8,0.996875,0.9929132461547852
5,loop10_L2_attn,9,0.0,0.00034272976336069405
5,loop10_L2_mlp,0,0.001171875,0.003022165037691593
5,loop10_L2_mlp,1,0.0,0.00035173079231753945
5,loop10_L2_mlp,2,0.0,0.0002743101795203984
5,loop10_L2_mlp,3,0.0,0.00048748048720881343
5,loop10_L2_mlp,4,0.000390625,0.0006390447379089892
5,loop10_L2_mlp,5,0.0015625,0.001839610398747027
5,loop10_L2_mlp,6,0.0,0.00014932721387594938
5,loop10_L2_mlp,7,0.0,0.00034903810592368245
5,loop10_L2_mlp,8,0.996875,0.9926179647445679
5,loop10_L2_mlp,9,0.0,0.00027024518931284547
7,embedding,0,0.1,0.09999985992908478
7,embedding,1,0.1,0.09999985992908478
7,embedding,2,0.1,0.09999985992908478
7,embedding,3,0.1,0.09999985992908478
7,embedding,4,0.1,0.09999985992908478
7,embedding,5,0.1,0.09999985992908478
7,embedding,6,0.1,0.09999985992908478
7,embedding,7,0.1,0.09999985992908478
7,embedding,8,0.1,0.09999985992908478
7,embedding,9,0.1,0.09999985992908478
7,loop1_L1_attn,0,0.7,0.3372279405593872
7,loop1_L1_attn,1,0.05234375,0.08673346787691116
7,loop1_L1_attn,2,0.028515625,0.07164633274078369
7,loop1_L1_attn,3,0.028515625,0.07226970791816711
7,loop1_L1_attn,4,0.03046875,0.0716693252325058
7,loop1_L1_attn,5,0.02890625,0.07193312048912048
7,loop1_L1_attn,6,0.029296875,0.07195692509412766
7,loop1_L1_attn,7,0.034765625,0.07271327078342438
7,loop1_L1_attn,8,0.033203125,0.07207510620355606
7,loop1_L1_attn,9,0.033984375,0.0717749297618866
7,loop1_L1_mlp,0,0.8,0.3968696892261505
7,loop1_L1_mlp,1,0.05859375,0.08500263094902039
7,loop1_L1_mlp,2,0.01640625,0.0645306259393692
7,loop1_L1_mlp,3,0.01640625,0.06495700776576996
7,loop1_L1_mlp,4,0.01796875,0.06441602110862732
7,loop1_L1_mlp,5,0.01796875,0.06474000215530396
7,loop1_L1_mlp,6,0.014453125,0.06459188461303711
7,loop1_L1_mlp,7,0.02109375,0.06550183892250061
7,loop1_L1_mlp,8,0.016015625,0.06483783572912216
7,loop1_L1_mlp,9,0.02109375,0.06455221772193909
7,loop1_L2_attn,0,1.0,0.8296012878417969
7,loop1_L2_attn,1,0.0,0.02641805075109005
7,loop1_L2_attn,2,0.0,0.018315665423870087
7,loop1_L2_attn,3,0.0,0.017601270228624344
7,loop1_L2_attn,4,0.0,0.017883727326989174
7,loop1_L2_attn,5,0.0,0.017812032252550125
7,loop1_L2_attn,6,0.0,0.018230151385068893
7,loop1_L2_attn,7,0.0,0.01766069233417511
7,loop1_L2_attn,8,0.0,0.018017757683992386
7,loop1_L2_attn,9,0.0,0.018459048122167587
7,loop1_L2_mlp,0,1.0,0.9649726152420044
7,loop1_L2_mlp,1,0.0,0.0060369521379470825
7,loop1_L2_mlp,2,0.0,0.0037158310879021883
7,loop1_L2_mlp,3,0.0,0.003607294987887144
7,loop1_L2_mlp,4,0.0,0.0035643926821649075
7,loop1_L2_mlp,5,0.0,0.0035213183145970106
7,loop1_L2_mlp,6,0.0,0.0036648851819336414
7,loop1_L2_mlp,7,0.0,0.0035282447934150696
7,loop1_L2_mlp,8,0.0,0.0036116938572376966
7,loop1_L2_mlp,9,0.0,0.003777686506509781
7,loop2_L1_attn,0,1.0,0.9615299105644226
7,loop2_L1_attn,1,0.0,0.005370034370571375
7,loop2_L1_attn,2,0.0,0.004414110444486141
7,loop2_L1_attn,3,0.0,0.004146310035139322
7,loop2_L1_attn,4,0.0,0.004061446525156498
7,loop2_L1_attn,5,0.0,0.004008087329566479
7,loop2_L1_attn,6,0.0,0.004164504818618298
7,loop2_L1_attn,7,0.0,0.004035180900245905
7,loop2_L1_attn,8,0.0,0.004163981415331364
7,loop2_L1_attn,9,0.0,0.004106313455849886
7,loop2_L1_mlp,0,1.0,0.9782921671867371
7,loop2_L1_mlp,1,0.0,0.0036804359406232834
7,loop2_L1_mlp,2,0.0,0.0024046420585364103
7,loop2_L1_mlp,3,0.0,0.0022939748596400023
7,loop2_L1_mlp,4,0.0,0.0022109332494437695
7,loop2_L1_mlp,5,0.0,0.0021579370368272066
7,loop2_L1_mlp,6,0.0,0.0022871671244502068
7,loop2_L1_mlp,7,0.0,0.0021681301295757294
7,loop2_L1_mlp,8,0.0,0.002280348213389516
7,loop2_L1_mlp,9,0.0,0.002224206691607833
7,loop2_L2_attn,0,0.014453125,0.05197637528181076
7,loop2_L2_attn,1,0.000390625,0.01854357309639454
7,loop2_L2_attn,2,0.968359375,0.8151103258132935
7,loop2_L2_attn,3,0.00234375,0.01648598350584507
7,loop2_L2_attn,4,0.003125,0.015476813539862633
7,loop2_L2_attn,5,0.0,0.015742063522338867
7,loop2_L2_attn,6,0.001953125,0.01612801104784012
7,loop2_L2_attn,7,0.00078125,0.015874255448579788
7,loop2_L2_attn,8,0.0046875,0.016659770160913467
7,loop2_L2_attn,9,0.00390625,0.018002372235059738
7,loop2_L2_mlp,0,0.0171875,0.013378195464611053
7,loop2_L2_mlp,1,0.000390625,0.003840833203867078
7,loop2_L2_mlp,2,0.973828125,0.9425373077392578
7,loop2_L2_mlp,3,0.0015625,0.005745311267673969
7,loop2_L2_mlp,4,0.00078125,0.005586149636656046
7,loop2_L2_mlp,5,0.000390625,0.005523220635950565
7,loop2_L2_mlp,6,0.000390625,0.005688403267413378
7,loop2_L2_mlp,7,0.000390625,0.0056841312907636166
7,loop2_L2_mlp,8,0.002734375,0.005968050565570593
7,loop2_L2_mlp,9,0.00234375,0.006047829985618591
7,loop3_L1_attn,0,0.015625,0.01435841340571642
7,loop3_L1_attn,1,0.000390625,0.0036820080131292343
7,loop3_L1_attn,2,0.979296875,0.9439717531204224
7,loop3_L1_attn,3,0.0,0.0042964378371834755
7,loop3_L1_attn,4,0.000390625,0.0054418290965259075
7,loop3_L1_attn,5,0.000390625,0.005386826582252979
7,loop3_L1_attn,6,0.000390625,0.00545816496014595
7,loop3_L1_attn,7,0.000390625,0.005472060292959213
7,loop3_L1_attn,8,0.001171875,0.005945810582488775
7,loop3_L1_attn,9,0.001953125,0.0059862444177269936
7,loop3_L1_mlp,0,0.01640625,0.01387051772326231
7,loop3_L1_mlp,1,0.000390625,0.002752892207354307
7,loop3_L1_mlp,2,0.978125,0.9498772621154785
7,loop3_L1_mlp,3,0.0,0.0037043862976133823
7,loop3_L1_mlp,4,0.0,0.0047371890395879745
7,loop3_L1_mlp,5,0.00078125,0.004762115888297558
7,loop3_L1_mlp,6,0.000390625,0.004872864577919245
7,loop3_L1_mlp,7,0.000390625,0.004846395459026098
7,loop3_L1_mlp,8,0.001171875,0.0054256850853562355
7,loop3_L1_mlp,9,0.00234375,0.005150303244590759
7,loop3_L2_attn,0,0.0171875,0.036605771631002426
7,loop3_L2_attn,1,0.002734375,0.013317009434103966
7,loop3_L2_attn,2,0.0515625,0.06727289408445358
7,loop3_L2_attn,3,0.000390625,0.009714672341942787
7,loop3_L2_attn,4,0.920703125,0.816142737865448
7,loop3_L2_attn,5,0.001171875,0.011801626533269882
7,loop3_L2_attn,6,0.001953125,0.01131859328597784
7,loop3_L2_attn,7,0.00078125,0.010875863954424858
7,loop3_L2_attn,8,0.001953125,0.011263138614594936
7,loop3_L2_attn,9,0.0015625,0.011686701327562332
7,loop3_L2_mlp,0,0.020703125,0.01502242125570774
7,loop3_L2_mlp,1,0.0015625,0.005571546033024788
7,loop3_L2_mlp,2,0.0453125,0.04587012529373169
7,loop3_L2_mlp,3,0.0,0.0023427533451467752
7,loop3_L2_mlp,4,0.92890625,0.9062204360961914
7,loop3_L2_mlp,5,0.000390625,0.004937570542097092
7,loop3_L2_mlp,6,0.000390625,0.005025454331189394
7,loop3_L2_mlp,7,0.001171875,0.004856233485043049
7,loop3_L2_mlp,8,0.001171875,0.005106048658490181
7,loop3_L2_mlp,9,0.000390625,0.005047506652772427
7,loop4_L1_attn,0,0.018359375,0.016809605062007904
7,loop4_L1_attn,1,0.0015625,0.0061154779978096485
7,loop4_L1_attn,2,0.044140625,0.04791485145688057
7,loop4_L1_attn,3,0.0,0.0031530216801911592
7,loop4_L1_attn,4,0.93515625,0.8998185992240906
7,loop4_L1_attn,5,0.0,0.004174046218395233
7,loop4_L1_attn,6,0.000390625,0.005541705992072821
7,loop4_L1_attn,7,0.000390625,0.005343229975551367
7,loop4_L1_attn,8,0.0,0.0055320980027318
7,loop4_L1_attn,9,0.0,0.005597032606601715
7,loop4_L1_mlp,0,0.019140625,0.0173995029181242
7,loop4_L1_mlp,1,0.0015625,0.005694701801985502
7,loop4_L1_mlp,2,0.042578125,0.04799879342317581
7,loop4_L1_mlp,3,0.0,0.0028818794526159763
7,loop4_L1_mlp,4,0.934765625,0.9012084007263184
7,loop4_L1_mlp,5,0.0,0.003928451798856258
7,loop4_L1_mlp,6,0.000390625,0.005182126071304083
7,loop4_L1_mlp,7,0.001171875,0.005085420329123735
7,loop4_L1_mlp,8,0.000390625,0.005322550423443317
7,loop4_L1_mlp,9,0.0,0.005297200754284859
7,loop4_L2_attn,0,0.015234375,0.03411019593477249
7,loop4_L2_attn,1,0.00078125,0.012111716903746128
7,loop4_L2_attn,2,0.012890625,0.030904490500688553
7,loop4_L2_attn,3,0.002734375,0.011376740410923958
7,loop4_L2_attn,4,0.075390625,0.07965820282697678
7,loop4_L2_attn,5,0.000390625,0.009343084879219532
7,loop4_L2_attn,6,0.8890625,0.7867499589920044
7,loop4_L2_attn,7,0.00078125,0.01201716810464859
7,loop4_L2_attn,8,0.001171875,0.011735968291759491
7,loop4_L2_attn,9,0.0015625,0.011993582360446453
7,loop4_L2_mlp,0,0.013671875,0.015014218166470528
7,loop4_L2_mlp,1,0.0,0.00515018543228507
7,loop4_L2_mlp,2,0.012109375,0.013079168274998665
7,loop4_L2_mlp,3,0.00234375,0.004924637731164694
7,loop4_L2_mlp,4,0.07578125,0.07467642426490784
7,loop4_L2_mlp,5,0.0,0.0018881589639931917
7,loop4_L2_mlp,6,0.8921875,0.8700066804885864
7,loop4_L2_mlp,7,0.00078125,0.004826792515814304
7,loop4_L2_mlp,8,0.00078125,0.00509732635691762
7,loop4_L2_mlp,9,0.00234375,0.005337496288120747
7,loop5_L1_attn,0,0.0140625,0.017591964453458786
7,loop5_L1_attn,1,0.00078125,0.006369314156472683
7,loop5_L1_attn,2,0.009765625,0.01625191606581211
7,loop5_L1_attn,3,0.00078125,0.006007570307701826
7,loop5_L1_attn,4,0.075390625,0.07475415617227554
7,loop5_L1_attn,5,0.0,0.0029909999575465918
7,loop5_L1_attn,6,0.897265625,0.8578163981437683
7,loop5_L1_attn,7,0.0,0.0050447797402739525
7,loop5_L1_attn,8,0.00078125,0.00644466420635581
7,loop5_L1_attn,9,0.001171875,0.006728805601596832
7,loop5_L1_mlp,0,0.01328125,0.015845533460378647
7,loop5_L1_mlp,1,0.00078125,0.0056002382189035416
7,loop5_L1_mlp,2,0.01015625,0.014696856960654259
7,loop5_L1_mlp,3,0.0,0.005249759182333946
7,loop5_L1_mlp,4,0.075390625,0.07599080353975296
7,loop5_L1_mlp,5,0.0,0.0024132467806339264
7,loop5_L1_mlp,6,0.89765625,0.8640283346176147
7,loop5_L1_mlp,7,0.000390625,0.004483639262616634
7,loop5_L1_mlp,8,0.001171875,0.005683182738721371
7,loop5_L1_mlp,9,0.001171875,0.006008628755807877
7,loop5_L2_attn,0,0.016015625,0.04446195811033249
7,loop5_L2_attn,1,0.00078125,0.017333969473838806
7,loop5_L2_attn,2,0.0109375,0.03671260550618172
7,loop5_L2_attn,3,0.000390625,0.015788530930876732
7,loop5_L2_attn,4,0.005078125,0.027679691091179848
7,loop5_L2_attn,5,0.001953125,0.014416528865695
7,loop5_L2_attn,6,0.119140625,0.12385354936122894
7,loop5_L2_attn,7,0.000390625,0.015274381265044212
7,loop5_L2_attn,8,0.843359375,0.6865488290786743
7,loop5_L2_attn,9,0.001953125,0.01793043129146099
7,loop5_L2_mlp,0,0.008984375,0.011351348832249641
7,loop5_L2_mlp,1,0.001953125,0.004408908076584339
7,loop5_L2_mlp,2,0.006640625,0.009273375384509563
7,loop5_L2_mlp,3,0.0015625,0.003875144524499774
7,loop5_L2_mlp,4,0.003515625,0.0054366812109947205
7,loop5_L2_mlp,5,0.0015625,0.003917391411960125
7,loop5_L2_mlp,6,0.110546875,0.10805400460958481
7,loop5_L2_mlp,7,0.0,0.0013076128670945764
7,loop5_L2_mlp,8,0.860546875,0.8466259241104126
7,loop5_L2_mlp,9,0.0046875,0.005748927127569914
7,loop6_L1_attn,0,0.0078125,0.011751646175980568
7,loop6_L1_attn,1,0.001953125,0.004558407701551914
7,loop6_L1_attn,2,0.007421875,0.010344250127673149
7,loop6_L1_attn,3,0.0015625,0.004025722853839397
7,loop6_L1_attn,4,0.00390625,0.005785943008959293
7,loop6_L1_attn,5,0.0015625,0.0037931278347969055
7,loop6_L1_attn,6,0.11015625,0.10586309432983398
7,loop6_L1_attn,7,0.0,0.0015948188956826925
7,loop6_L1_attn,8,0.864453125,0.8471217155456543
7,loop6_L1_attn,9,0.001171875,0.005160907283425331
7,loop6_L1_mlp,0,0.008203125,0.010357299819588661
7,loop6_L1_mlp,1,0.00234375,0.00429766159504652
7,loop6_L1_mlp,2,0.00625,0.008670295588672161
7,loop6_L1_mlp,3,0.0015625,0.003966133575886488
7,loop6_L1_mlp,4,0.003125,0.004979721270501614
7,loop6_L1_mlp,5,0.00234375,0.003706272691488266
7,loop6_L1_mlp,6,0.110546875,0.10754275321960449
7,loop6_L1_mlp,7,0.0,0.0012293129693716764
7,loop6_L1_mlp,8,0.864453125,0.8504692912101746
7,loop6_L1_mlp,9,0.001171875,0.004781126976013184
7,loop6_L2_attn,0,0.0015625,0.008601398207247257
7,loop6_L2_attn,1,0.000390625,0.0024559572339057922
7,loop6_L2_attn,2,0.00234375,0.008797520771622658
7,loop6_L2_attn,3,0.0,0.0023602847941219807
7,loop6_L2_attn,4,0.001953125,0.0065226429142057896
7,loop6_L2_attn,5,0.0,0.002378953155130148
7,loop6_L2_attn,6,0.0015625,0.006614383310079575
7,loop6_L2_attn,7,0.0,0.0020008287392556667
7,loop6_L2_attn,8,0.991796875,0.9577528834342957
7,loop6_L2_attn,9,0.000390625,0.0025151867885142565
7,loop6_L2_mlp,0,0.000390625,0.000972362351603806
7,loop6_L2_mlp,1,0.000390625,0.0003144643269479275
7,loop6_L2_mlp,2,0.000390625,0.0008476587827317417
7,loop6_L2_mlp,3,0.0,0.00018995694699697196
7,loop6_L2_mlp,4,0.0,0.0003277492360211909
7,loop6_L2_mlp,5,0.0,0.0001550897432025522
7,loop6_L2_mlp,6,0.0,0.00011733641440514475
7,loop6_L2_mlp,7,0.0,0.00015392169007100165
7,loop6_L2_mlp,8,0.998828125,0.9965890645980835
7,loop6_L2_mlp,9,0.0,0.0003320576506666839
7,loop7_L1_attn,0,0.000390625,0.0010382927721366286
7,loop7_L1_attn,1,0.000390625,0.00031876060529612005
7,loop7_L1_attn,2,0.000390625,0.0008992578950710595
7,loop7_L1_attn,3,0.0,0.00019986221741419286
7,loop7_L1_attn,4,0.0,0.00035669776843860745
7,loop7_L1_attn,5,0.0,0.0001575730711920187
7,loop7_L1_attn,6,0.0,0.00013893857249058783
7,loop7_L1_attn,7,0.0,0.00017147438484244049
7,loop7_L1_attn,8,0.998828125,0.9963937997817993
7,loop7_L1_attn,9,0.0,0.00032585501321591437
7,loop7_L1_mlp,0,0.000390625,0.0009468926000408828
7,loop7_L1_mlp,1,0.000390625,0.0003176834143232554
7,loop7_L1_mlp,2,0.000390625,0.0008004599367268384
7,loop7_L1_mlp,3,0.0,0.00017394425231032073
7,loop7_L1_mlp,4,0.0,0.0002641117316670716
7,loop7_L1_mlp,5,0.0,0.00013753677194472402
7,loop7_L1_mlp,6,0.0,0.00010926216054940596
7,loop7_L1_mlp,7,0.0,0.00014683199697174132
7,loop7_L1_mlp,8,0.998828125,0.9967929124832153
7,loop7_L1_mlp,9,0.0,0.0003100252361036837
7,loop7_L2_attn,0,0.000390625,0.000913488504011184
7,loop7_L2_attn,1,0.000390625,0.00033463252475485206
7,loop7_L2_attn,2,0.000390625,0.000728434300981462
7,loop7_L2_attn,3,0.0,0.00014276764704845846
7,loop7_L2_attn,4,0.0,0.00022791765513829887
7,loop7_L2_attn,5,0.0,0.00012875931861344725
7,loop7_L2_attn,6,0.0,0.00010425287473481148
7,loop7_L2_attn,7,0.0,0.0001367411605315283
7,loop7_L2_attn,8,0.998828125,0.9970235824584961
7,loop7_L2_attn,9,0.0,0.0002586143382359296
7,loop7_L2_mlp,0,0.000390625,0.0005685947835445404
7,loop7_L2_mlp,1,0.000390625,0.0002553972299210727
7,loop7_L2_mlp,2,0.000390625,0.0004549188888631761
7,loop7_L2_mlp,3,0.0,3.340766852488741e-05
7,loop7_L2_mlp,4,0.0,2.8884242055937648e-05
7,loop7_L2_mlp,5,0.0,2.4689124984433874e-05
7,loop7_L2_mlp,6,0.0,2.000294261961244e-05
7,loop7_L2_mlp,7,0.0,2.741831667663064e-05
7,loop7_L2_mlp,8,0.998828125,0.9984930157661438
7,loop7_L2_mlp,9,0.0,9.785287693375722e-05
7,loop8_L1_attn,0,0.000390625,0.0005854163900949061
7,loop8_L1_attn,1,0.000390625,0.0002515257219783962
7,loop8_L1_attn,2,0.000390625,0.0004632920608855784
7,loop8_L1_attn,3,0.0,3.7174802855588496e-05
7,loop8_L1_attn,4,0.0,3.361946437507868e-05
7,loop8_L1_attn,5,0.0,2.5796558475121856e-05
7,loop8_L1_attn,6,0.0,2.3749507818138227e-05
7,loop8_L1_attn,7,0.0,3.1807299819774926e-05
7,loop8_L1_attn,8,0.998828125,0.9984481930732727
7,loop8_L1_attn,9,0.0,0.00010328448843210936
7,loop8_L1_mlp,0,0.000390625,0.0005671044928021729
7,loop8_L1_mlp,1,0.000390625,0.00026873499155044556
7,loop8_L1_mlp,2,0.000390625,0.0004611721378751099
7,loop8_L1_mlp,3,0.0,3.3114542020484805e-05
7,loop8_L1_mlp,4,0.0,3.184371962561272e-05
7,loop8_L1_mlp,5,0.0,2.3959857571753673e-05
7,loop8_L1_mlp,6,0.0,2.3149561457103118e-05
7,loop8_L1_mlp,7,0.0,3.133685459033586e-05
7,loop8_L1_mlp,8,0.998828125,0.9984537959098816
7,loop8_L1_mlp,9,0.0,0.00010894543811446056
7,loop8_L2_attn,0,0.000390625,0.000644287618342787
7,loop8_L2_attn,1,0.000390625,0.0003074699779972434
7,loop8_L2_attn,2,0.000390625,0.0004903062945231795
7,loop8_L2_attn,3,0.0,4.266956966603175e-05
7,loop8_L2_attn,4,0.0,4.862718196818605e-05
7,loop8_L2_attn,5,0.0,3.4373635571682826e-05
7,loop8_L2_attn,6,0.0,3.0228828109102324e-05
7,loop8_L2_attn,7,0.0,4.256751708453521e-05
7,loop8_L2_attn,8,0.998828125,0.9982479214668274
7,loop8_L2_attn,9,0.0,0.00011280495527898893
7,loop8_L2_mlp,0,0.000390625,0.0006269408040679991
7,loop8_L2_mlp,1,0.000390625,0.0003026072517968714
7,loop8_L2_mlp,2,0.000390625,0.0004336611309554428
7,loop8_L2_mlp,3,0.0,1.9150726075167768e-05
7,loop8_L2_mlp,4,0.0,1.8525599443819374e-05
7,loop8_L2_mlp,5,0.0,1.3540096006181557e-05
7,loop8_L2_mlp,6,0.0,1.2382030945445877e-05
7,loop8_L2_mlp,7,0.0,1.7697424482321367e-05
7,loop8_L2_mlp,8,0.998828125,0.9984896779060364
7,loop8_L2_mlp,9,0.0,7.204864959931001e-05
7,loop9_L1_attn,0,0.000390625,0.000619351863861084
7,loop9_L1_attn,1,0.000390625,0.00030059958226047456
7,loop9_L1_attn,2,0.000390625,0.0004385074134916067
7,loop9_L1_attn,3,0.0,2.2008931409800425e-05
7,loop9_L1_attn,4,0.0,2.1967573047732003e-05
7,loop9_L1_attn,5,0.0,1.4675201782665681e-05
7,loop9_L1_attn,6,0.0,1.4787123291171156e-05
7,loop9_L1_attn,7,0.0,2.0719793610624038e-05
7,loop9_L1_attn,8,0.998828125,0.9984735250473022
7,loop9_L1_attn,9,0.0,7.906783139333129e-05
7,loop9_L1_mlp,0,0.000390625,0.0006257313652895391
7,loop9_L1_mlp,1,0.000390625,0.00032722114701755345
7,loop9_L1_mlp,2,0.000390625,0.00044000480556860566
7,loop9_L1_mlp,3,0.0,2.2131998775876127e-05
7,loop9_L1_mlp,4,0.0,2.2963169612921774e-05
7,loop9_L1_mlp,5,0.0,1.5030331269372255e-05
7,loop9_L1_mlp,6,0.0,1.5532712495769374e-05
7,loop9_L1_mlp,7,0.0,2.1652638679370284e-05
7,loop9_L1_mlp,8,0.998828125,0.9984367489814758
7,loop9_L1_mlp,9,0.0,7.714769162703305e-05
7,loop9_L2_attn,0,0.000390625,0.0007192299817688763
7,loop9_L2_attn,1,0.000390625,0.00036059407284483314
7,loop9_L2_attn,2,0.000390625,0.00046507554361596704
7,loop9_L2_attn,3,0.0,3.222869418095797e-05
7,loop9_L2_attn,4,0.0,3.778243262786418e-05
7,loop9_L2_attn,5,0.0,2.396804302406963e-05
7,loop9_L2_attn,6,0.0,2.3741191398585215e-05
7,loop9_L2_attn,7,0.0,3.468909562798217e-05
7,loop9_L2_attn,8,0.998828125,0.9982142448425293
7,loop9_L2_attn,9,0.0,8.850291487760842e-05
7,loop9_L2_mlp,0,0.00078125,0.0008040429092943668
7,loop9_L2_mlp,1,0.000390625,0.0003943284973502159
7,loop9_L2_mlp,2,0.000390625,0.00043510523391887546
7,loop9_L2_mlp,3,0.0,1.8314782209927216e-05
7,loop9_L2_mlp,4,0.0,2.0666719137807377e-05
7,loop9_L2_mlp,5,0.0,1.3258046237751842e-05
7,loop9_L2_mlp,6,0.0,1.2635908205993474e-05
7,loop9_L2_mlp,7,0.0,1.94968579307897e-05
7,loop9_L2_mlp,8,0.9984375,0.998235821723938
7,loop9_L2_mlp,9,0.0,5.0652120989980176e-05
7,loop10_L1_attn,0,0.000390625,0.0007851730333641171
7,loop10_L1_attn,1,0.000390625,0.00039375099004246294
7,loop10_L1_attn,2,0.000390625,0.0004393267445266247
7,loop10_L1_attn,3,0.0,2.1085092157591134e-05
7,loop10_L1_attn,4,0.0,2.448036684654653e-05
7,loop10_L1_attn,5,0.0,1.461776719224872e-05
7,loop10_L1_attn,6,0.0,1.4824440768279601e-05
7,loop10_L1_attn,7,0.0,2.251301884825807e-05
7,loop10_L1_attn,8,0.998828125,0.9982296228408813
7,loop10_L1_attn,9,0.0,5.70005395275075e-05
7,loop10_L1_mlp,0,0.00078125,0.0008249067468568683
7,loop10_L1_mlp,1,0.000390625,0.0004223776631988585
7,loop10_L1_mlp,2,0.000390625,0.00044330820674076676
7,loop10_L1_mlp,3,0.0,2.3426748157362454e-05
7,loop10_L1_mlp,4,0.0,2.6964113203575835e-05
7,loop10_L1_mlp,5,0.0,1.616988447494805e-05
7,loop10_L1_mlp,6,0.0,1.633041028981097e-05
7,loop10_L1_mlp,7,0.0,2.463942473696079e-05
7,loop10_L1_mlp,8,0.9984375,0.9981485605239868
7,loop10_L1_mlp,9,0.0,5.583056918112561e-05
7,loop10_L2_attn,0,0.00078125,0.0009617909090593457
7,loop10_L2_attn,1,0.000390625,0.00047473981976509094
7,loop10_L2_attn,2,0.000390625,0.0004706319305114448
7,loop10_L2_attn,3,0.0,3.505162749206647e-05
7,loop10_L2_attn,4,0.0,4.26006517955102e-05
7,loop10_L2_attn,5,0.0,2.5487901439191774e-05
7,loop10_L2_attn,6,0.0,2.5684106731205247e-05
7,loop10_L2_attn,7,0.0,4.074888784089126e-05
7,loop10_L2_attn,8,0.9984375,0.9978499412536621
7,loop10_L2_attn,9,0.0,7.424554496537894e-05
7,loop10_L2_mlp,0,0.00078125,0.0010679775150492787
7,loop10_L2_mlp,1,0.000390625,0.0005279079778119922
7,loop10_L2_mlp,2,0.000390625,0.00044776746653951705
7,loop10_L2_mlp,3,0.0,2.329685230506584e-05
7,loop10_L2_mlp,4,0.0,2.8506919989013113e-05
7,loop10_L2_mlp,5,0.0,1.784457708708942e-05
7,loop10_L2_mlp,6,0.0,1.6569003491895273e-05
7,loop10_L2_mlp,7,0.0,2.8127149562351406e-05
7,loop10_L2_mlp,8,0.9984375,0.997795581817627
7,loop10_L2_mlp,9,0.0,4.738676216220483e-05
4,embedding,0,0.1,0.10000018030405045
4,embedding,1,0.1,0.10000018775463104
4,embedding,2,0.1,0.10000018030405045
4,embedding,3,0.1,0.10000018030405045
4,embedding,4,0.1,0.10000018030405045
4,embedding,5,0.1,0.10000018775463104
4,embedding,6,0.1,0.10000018030405045
4,embedding,7,0.1,0.10000018030405045
4,embedding,8,0.1,0.10000018030405045
4,embedding,9,0.1,0.10000018030405045
4,loop1_L1_attn,0,0.5,0.2879658043384552
4,loop1_L1_attn,1,0.0546875,0.07909423857927322
4,loop1_L1_attn,2,0.053515625,0.07904468476772308
4,loop1_L1_attn,3,0.0578125,0.07931926846504211
4,loop1_L1_attn,4,0.05703125,0.07866417616605759
4,loop1_L1_attn,5,0.059765625,0.07946924865245819
4,loop1_L1_attn,6,0.05078125,0.0788460522890091
4,loop1_L1_attn,7,0.06015625,0.07896342128515244
4,loop1_L1_attn,8,0.056640625,0.07959078252315521
4,loop1_L1_attn,9,0.049609375,0.07904187589883804
4,loop1_L1_mlp,0,0.7,0.4184489846229553
4,loop1_L1_mlp,1,0.04140625,0.06585979461669922
4,loop1_L1_mlp,2,0.035546875,0.0645970031619072
4,loop1_L1_mlp,3,0.034375,0.06411787122488022
4,loop1_L1_mlp,4,0.029296875,0.06382502615451813
4,loop1_L1_mlp,5,0.03046875,0.06465812027454376
4,loop1_L1_mlp,6,0.0265625,0.06377862393856049
4,loop1_L1_mlp,7,0.03203125,0.06493405997753143
4,loop1_L1_mlp,8,0.03671875,0.06480299681425095
4,loop1_L1_mlp,9,0.03359375,0.06497730314731598
4,loop1_L2_attn,0,0.600390625,0.3674870729446411
4,loop1_L2_attn,1,0.04453125,0.06747986376285553
4,loop1_L2_attn,2,0.02109375,0.06124713271856308
4,loop1_L2_attn,3,0.029296875,0.06178911402821541
4,loop1_L2_attn,4,0.02578125,0.06108774617314339
4,loop1_L2_attn,5,0.030859375,0.061803579330444336
4,loop1_L2_attn,6,0.028515625,0.061943016946315765
4,loop1_L2_attn,7,0.027734375,0.06117499992251396
4,loop1_L2_attn,8,0.030859375,0.06208895891904831
4,loop1_L2_attn,9,0.1609375,0.13389801979064941
4,loop1_L2_mlp,0,0.991796875,0.8225260972976685
4,loop1_L2_mlp,1,0.0,0.022400880232453346
4,loop1_L2_mlp,2,0.0,0.01626056618988514
4,loop1_L2_mlp,3,0.0,0.01612137071788311
4,loop1_L2_mlp,4,0.0,0.016006721183657646
4,loop1_L2_mlp,5,0.0,0.016041753813624382
4,loop1_L2_mlp,6,0.0,0.016483400017023087
4,loop1_L2_mlp,7,0.0,0.01613331213593483
4,loop1_L2_mlp,8,0.0,0.01583007350564003
4,loop1_L2_mlp,9,0.008203125,0.04219643026590347
4,loop2_L1_attn,0,0.991796875,0.8042672872543335
4,loop2_L1_attn,1,0.0,0.025246094912290573
4,loop2_L1_attn,2,0.0,0.01799449697136879
4,loop2_L1_attn,3,0.0,0.0180909913033247
4,loop2_L1_attn,4,0.0,0.01786750741302967
4,loop2_L1_attn,5,0.0,0.017887739464640617
4,loop2_L1_attn,6,0.0,0.018393076956272125
4,loop2_L1_attn,7,0.0,0.018127717077732086
4,loop2_L1_attn,8,0.0,0.017807578667998314
4,loop2_L1_attn,9,0.008203125,0.044318027794361115
4,loop2_L1_mlp,0,0.991796875,0.876440703868866
4,loop2_L1_mlp,1,0.0,0.016056003049016
4,loop2_L1_mlp,2,0.0,0.010838332585990429
4,loop2_L1_mlp,3,0.0,0.010897764004766941
4,loop2_L1_mlp,4,0.0,0.010785089805722237
4,loop2_L1_mlp,5,0.0,0.010763878934085369
4,loop2_L1_mlp,6,0.0,0.011263166554272175
4,loop2_L1_mlp,7,0.0,0.01091038715094328
4,loop2_L1_mlp,8,0.0,0.0108542051166296
4,loop2_L1_mlp,9,0.008203125,0.031189974397420883
4,loop2_L2_attn,0,0.313671875,0.18912306427955627
4,loop2_L2_attn,1,0.0015625,0.03197957202792168
4,loop2_L2_attn,2,0.045703125,0.10353004932403564
4,loop2_L2_attn,3,0.00625,0.04578881710767746
4,loop2_L2_attn,4,0.00625,0.04570440948009491
4,loop2_L2_attn,5,0.00546875,0.045864399522542953
4,loop2_L2_attn,6,0.00546875,0.04602133110165596
4,loop2_L2_attn,7,0.00703125,0.04818527773022652
4,loop2_L2_attn,8,0.1625,0.15627418458461761
4,loop2_L2_attn,9,0.44609375,0.2875292897224426
4,loop2_L2_mlp,0,0.07265625,0.08121328055858612
4,loop2_L2_mlp,1,0.01015625,0.036513227969408035
4,loop2_L2_mlp,2,0.598828125,0.4246866703033447
4,loop2_L2_mlp,3,0.001953125,0.027671342715620995
4,loop2_L2_mlp,4,0.001171875,0.02738390490412712
4,loop2_L2_mlp,5,0.002734375,0.028092000633478165
4,loop2_L2_mlp,6,0.001171875,0.02821049652993679
4,loop2_L2_mlp,7,0.0015625,0.029506433755159378
4,loop2_L2_mlp,8,0.075390625,0.1124243289232254
4,loop2_L2_mlp,9,0.234375,0.20429864525794983
4,loop3_L1_attn,0,0.076171875,0.08218332380056381
4,loop3_L1_attn,1,0.0140625,0.03969268128275871
4,loop3_L1_attn,2,0.584375,0.4029539227485657
4,loop3_L1_attn,3,0.001171875,0.030084878206253052
4,loop3_L1_attn,4,0.0015625,0.030089393258094788
4,loop3_L1_attn,5,0.003125,0.030837759375572205
4,loop3_L1_attn,6,0.001171875,0.031022440642118454
4,loop3_L1_attn,7,0.0015625,0.0325283519923687
4,loop3_L1_attn,8,0.087890625,0.1155422180891037
4,loop3_L1_attn,9,0.22890625,0.2050655633211136
4,loop3_L1_mlp,0,0.07421875,0.07191537320613861
4,loop3_L1_mlp,1,0.033984375,0.04388749599456787
4,loop3_L1_mlp,2,0.603515625,0.47398439049720764
4,loop3_L1_mlp,3,0.000390625,0.02124362625181675
4,loop3_L1_mlp,4,0.0,0.02131528966128826
4,loop3_L1_mlp,5,0.000390625,0.022042352706193924
4,loop3_L1_mlp,6,0.0,0.022208232432603836
4,loop3_L1_mlp,7,0.0015625,0.02350620925426483
4,loop3_L1_mlp,8,0.076171875,0.10448268800973892
4,loop3_L1_mlp,9,0.209765625,0.19541408121585846
4,loop3_L2_attn,0,0.380078125,0.24902871251106262
4,loop3_L2_attn,1,0.0359375,0.07182551920413971
4,loop3_L2_attn,2,0.024609375,0.05421324819326401
4,loop3_L2_attn,3,0.025390625,0.04967175051569939
4,loop3_L2_attn,4,0.0453125,0.08038673549890518
4,loop3_L2_attn,5,0.002734375,0.04518512263894081
4,loop3_L2_attn,6,0.0015625,0.041793305426836014
4,loop3_L2_attn,7,0.008203125,0.05391250178217888
4,loop3_L2_attn,8,0.199609375,0.15268826484680176
4,loop3_L2_attn,9,0.2765625,0.20129474997520447
4,loop3_L2_mlp,0,0.283984375,0.21406236290931702
4,loop3_L2_mlp,1,0.0375,0.06658507138490677
4,loop3_L2_mlp,2,0.031640625,0.0547705702483654
4,loop3_L2_mlp,3,0.0703125,0.07208903878927231
4,loop3_L2_mlp,4,0.115234375,0.11423878371715546
4,loop3_L2_mlp,5,0.009375,0.041850388050079346
4,loop3_L2_mlp,6,0.002734375,0.036657728254795074
4,loop3_L2_mlp,7,0.008984375,0.04903801903128624
4,loop3_L2_mlp,8,0.185546875,0.15323831140995026
4,loop3_L2_mlp,9,0.2546875,0.19746969640254974
4,loop4_L1_attn,0,0.28671875,0.20655076205730438
4,loop4_L1_attn,1,0.044921875,0.06898822635412216
4,loop4_L1_attn,2,0.02890625,0.05575475096702576
4,loop4_L1_attn,3,0.0640625,0.07109751552343369
4,loop4_L1_attn,4,0.105859375,0.11143574863672256
4,loop4_L1_attn,5,0.009765625,0.04421902447938919
4,loop4_L1_attn,6,0.003125,0.039676543325185776
4,loop4_L1_attn,7,0.009375,0.05232619494199753
4,loop4_L1_attn,8,0.18828125,0.15328168869018555
4,loop4_L1_attn,9,0.258984375,0.19666936993598938
4,loop4_L1_mlp,0,0.2703125,0.2103956639766693
4,loop4_L1_mlp,1,0.0390625,0.06651625782251358
4,loop4_L1_mlp,2,0.019140625,0.04757755249738693
4,loop4_L1_mlp,3,0.09296875,0.08601780235767365
4,loop4_L1_mlp,4,0.149609375,0.1259634792804718
4,loop4_L1_mlp,5,0.005859375,0.03555493801832199
4,loop4_L1_mlp,6,0.001171875,0.03223931044340134
4,loop4_L1_mlp,7,0.00703125,0.04412331432104111
4,loop4_L1_mlp,8,0.1703125,0.15192504227161407
4,loop4_L1_mlp,9,0.24453125,0.19968678057193756
4,loop4_L2_attn,0,0.310546875,0.202958345413208
4,loop4_L2_attn,1,0.018359375,0.06423048675060272
4,loop4_L2_attn,2,0.0453125,0.08088348805904388
4,loop4_L2_attn,3,0.003125,0.028629476204514503
4,loop4_L2_attn,4,0.00546875,0.028650391846895218
4,loop4_L2_attn,5,0.048046875,0.06634791940450668
4,loop4_L2_attn,6,0.06328125,0.09093581885099411
4,loop4_L2_attn,7,0.047265625,0.08453655987977982
4,loop4_L2_attn,8,0.205859375,0.16506683826446533
4,loop4_L2_attn,9,0.252734375,0.18776077032089233
4,loop4_L2_mlp,0,0.244921875,0.18933972716331482
4,loop4_L2_mlp,1,0.019140625,0.05617743730545044
4,loop4_L2_mlp,2,0.058203125,0.08184891939163208
4,loop4_L2_mlp,3,0.002734375,0.020175175741314888
4,loop4_L2_mlp,4,0.009765625,0.025235339999198914
4,loop4_L2_mlp,5,0.00859375,0.030115868896245956
4,loop4_L2_mlp,6,0.14453125,0.14365682005882263
4,loop4_L2_mlp,7,0.058984375,0.08262835443019867
4,loop4_L2_mlp,8,0.211328125,0.1782960444688797
4,loop4_L2_mlp,9,0.241796875,0.19252610206604004
4,loop5_L1_attn,0,0.23359375,0.18064998090267181
4,loop5_L1_attn,1,0.024609375,0.060415156185626984
4,loop5_L1_attn,2,0.056640625,0.08296388387680054
4,loop5_L1_attn,3,0.00234375,0.022460857406258583
4,loop5_L1_attn,4,0.009375,0.026300277560949326
4,loop5_L1_attn,5,0.00859375,0.030855100601911545
4,loop5_L1_attn,6,0.146875,0.14102546870708466
4,loop5_L1_attn,7,0.059375,0.0856977179646492
4,loop5_L1_attn,8,0.2203125,0.1780805140733719
4,loop5_L1_attn,9,0.23828125,0.1915508657693863
4,loop5_L1_mlp,0,0.231640625,0.1833595484495163
4,loop5_L1_mlp,1,0.022265625,0.0576932355761528
4,loop5_L1_mlp,2,0.044140625,0.07465817034244537
4,loop5_L1_mlp,3,0.003125,0.01883307844400406
4,loop5_L1_mlp,4,0.0078125,0.02158396877348423
4,loop5_L1_mlp,5,0.009375,0.027716344222426414
4,loop5_L1_mlp,6,0.169921875,0.1538051813840866
4,loop5_L1_mlp,7,0.05,0.07787062227725983
4,loop5_L1_mlp,8,0.21015625,0.18224701285362244
4,loop5_L1_mlp,9,0.2515625,0.202233225107193
4,loop5_L2_attn,0,0.1953125,0.17154377698898315
4,loop5_L2_attn,1,0.01953125,0.05455227568745613
4,loop5_L2_attn,2,0.020703125,0.056746941059827805
4,loop5_L2_attn,3,0.00234375,0.02419806644320488
4,loop5_L2_attn,4,0.005859375,0.027074312791228294
4,loop5_L2_attn,5,0.00078125,0.013570576906204224
4,loop5_L2_attn,6,0.021875,0.047050245106220245
4,loop5_L2_attn,7,0.17265625,0.1496366560459137
4,loop5_L2_attn,8,0.355078125,0.2690397799015045
4,loop5_L2_attn,9,0.205859375,0.1865876019001007
4,loop5_L2_mlp,0,0.09609375,0.09458711743354797
4,loop5_L2_mlp,1,0.0125,0.03148306906223297
4,loop5_L2_mlp,2,0.003125,0.023982012644410133
4,loop5_L2_mlp,3,0.000390625,0.012034558691084385
4,loop5_L2_mlp,4,0.0015625,0.009714034385979176
4,loop5_L2_mlp,5,0.000390625,0.004350483883172274
4,loop5_L2_mlp,6,0.00234375,0.010078796185553074
4,loop5_L2_mlp,7,0.414453125,0.33659595251083374
4,loop5_L2_mlp,8,0.401171875,0.38690727949142456
4,loop5_L2_mlp,9,0.06796875,0.09026613086462021
4,loop6_L1_attn,0,0.09609375,0.0937676876783371
4,loop6_L1_attn,1,0.018359375,0.037084463983774185
4,loop6_L1_attn,2,0.00703125,0.028513479977846146
4,loop6_L1_attn,3,0.001953125,0.015563758090138435
4,loop6_L1_attn,4,0.00234375,0.012204771861433983
4,loop6_L1_attn,5,0.00078125,0.006458638701587915
4,loop6_L1_attn,6,0.003515625,0.011361347511410713
4,loop6_L1_attn,7,0.369140625,0.3036482036113739
4,loop6_L1_attn,8,0.4203125,0.39332807064056396
4,loop6_L1_attn,9,0.08046875,0.09806991368532181
4,loop6_L1_mlp,0,0.090625,0.08610715717077255
4,loop6_L1_mlp,1,0.015625,0.03503794968128204
4,loop6_L1_mlp,2,0.00703125,0.02769242785871029
4,loop6_L1_mlp,3,0.00546875,0.015068340115249157
4,loop6_L1_mlp,4,0.001171875,0.012118508107960224
4,loop6_L1_mlp,5,0.004296875,0.0076207565143704414
4,loop6_L1_mlp,6,0.001953125,0.011415890417993069
4,loop6_L1_mlp,7,0.394921875,0.3362608551979065
4,loop6_L1_mlp,8,0.39453125,0.37266817688941956
4,loop6_L1_mlp,9,0.084375,0.09601007401943207
4,loop6_L2_attn,0,0.120703125,0.12384980916976929
4,loop6_L2_attn,1,0.023828125,0.04620480164885521
4,loop6_L2_attn,2,0.0171875,0.03712145611643791
4,loop6_L2_attn,3,0.016015625,0.02675424888730049
4,loop6_L2_attn,4,0.003515625,0.017114777117967606
4,loop6_L2_attn,5,0.004296875,0.013417345471680164
4,loop6_L2_attn,6,0.0046875,0.01608126237988472
4,loop6_L2_attn,7,0.02265625,0.03608064353466034
4,loop6_L2_attn,8,0.600390625,0.522528886795044
4,loop6_L2_attn,9,0.18671875,0.16084696352481842
4,loop6_L2_mlp,0,0.000390625,0.003032828215509653
4,loop6_L2_mlp,1,0.0,0.0009159843320958316
4,loop6_L2_mlp,2,0.000390625,0.0009293813491240144
4,loop6_L2_mlp,3,0.0,0.00022490497212857008
4,loop6_L2_mlp,4,0.0,0.00015991799591574818
4,loop6_L2_mlp,5,0.0,3.892558015650138e-05
4,loop6_L2_mlp,6,0.0,0.00011356161849107593
4,loop6_L2_mlp,7,0.000390625,0.001164353103376925
4,loop6_L2_mlp,8,0.99296875,0.9860857725143433
4,loop6_L2_mlp,9,0.005859375,0.007340984884649515
4,loop7_L1_attn,0,0.000390625,0.003066923236474395
4,loop7_L1_attn,1,0.0,0.001191445393487811
4,loop7_L1_attn,2,0.000390625,0.0011024668347090483
4,loop7_L1_attn,3,0.0,0.00028635974740609527
4,loop7_L1_attn,4,0.0,0.0001912574953166768
4,loop7_L1_attn,5,0.0,4.466590326046571e-05
4,loop7_L1_attn,6,0.0,0.00012849734048359096
4,loop7_L1_attn,7,0.000390625,0.0011569428024813533
4,loop7_L1_attn,8,0.99296875,0.9852617979049683
4,loop7_L1_attn,9,0.005859375,0.00757340993732214
4,loop7_L1_mlp,0,0.001171875,0.0038061761297285557
4,loop7_L1_mlp,1,0.0,0.0014548220206052065
4,loop7_L1_mlp,2,0.000390625,0.0014245385536924005
4,loop7_L1_mlp,3,0.0,0.00048668557428754866
4,loop7_L1_mlp,4,0.0,0.0003609577543102205
4,loop7_L1_mlp,5,0.0,9.197075996780768e-05
4,loop7_L1_mlp,6,0.0,0.00023925610003061593
4,loop7_L1_mlp,7,0.00078125,0.0028334937524050474
4,loop7_L1_mlp,8,0.99140625,0.9807988405227661
4,loop7_L1_mlp,9,0.00625,0.008506333455443382
4,loop7_L2_attn,0,0.0078125,0.010773093439638615
4,loop7_L2_attn,1,0.001171875,0.0030954605899751186
4,loop7_L2_attn,2,0.001171875,0.002509774174541235
4,loop7_L2_attn,3,0.0,0.0008799819042906165
4,loop7_L2_attn,4,0.0,0.0005866333958692849
4,loop7_L2_attn,5,0.0,0.0004641648265533149
4,loop7_L2_attn,6,0.000390625,0.0013855881989002228
4,loop7_L2_attn,7,0.000390625,0.0030901525169610977
4,loop7_L2_attn,8,0.9703125,0.9565130472183228
4,loop7_L2_attn,9,0.01875,0.02070191688835621
4,loop7_L2_mlp,0,0.001953125,0.0021446130704134703
4,loop7_L2_mlp,1,0.000390625,0.0005238217418082058
4,loop7_L2_mlp,2,0.0,0.00042349527939222753
4,loop7_L2_mlp,3,0.0,0.0002927045861724764
4,loop7_L2_mlp,4,0.0,0.00020050811872351915
4,loop7_L2_mlp,5,0.0,0.00016445788787677884
4,loop7_L2_mlp,6,0.000390625,0.0006954484852030873
4,loop7_L2_mlp,7,0.001171875,0.002739484654739499
4,loop7_L2_mlp,8,0.969140625,0.9635346531867981
4,loop7_L2_mlp,9,0.026953125,0.029288018122315407
4,loop8_L1_attn,0,0.001953125,0.0021768438164144754
4,loop8_L1_attn,1,0.000390625,0.0005387100391089916
4,loop8_L1_attn,2,0.0,0.0004344407352618873
4,loop8_L1_attn,3,0.0,0.0003325815196149051
4,loop8_L1_attn,4,0.0,0.00021131019457243383
4,loop8_L1_attn,5,0.0,0.00019631427130661905
4,loop8_L1_attn,6,0.000390625,0.0007426823722198606
4,loop8_L1_attn,7,0.001171875,0.0028279651887714863
4,loop8_L1_attn,8,0.969140625,0.9634916186332703
4,loop8_L1_attn,9,0.026953125,0.029054338112473488
4,loop8_L1_mlp,0,0.001953125,0.0022240348625928164
4,loop8_L1_mlp,1,0.0,0.0005248964880593121
4,loop8_L1_mlp,2,0.0,0.0007983553223311901
4,loop8_L1_mlp,3,0.0,0.0005611068336293101
4,loop8_L1_mlp,4,0.0,0.0003544297651387751
4,loop8_L1_mlp,5,0.0,0.0002993466623593122
4,loop8_L1_mlp,6,0.000390625,0.0007576021598652005
4,loop8_L1_mlp,7,0.001953125,0.003433389589190483
4,loop8_L1_mlp,8,0.967578125,0.9604617953300476
4,loop8_L1_mlp,9,0.028125,0.03059028647840023
4,loop8_L2_attn,0,0.001953125,0.004304897505789995
4,loop8_L2_attn,1,0.000390625,0.0014555694069713354
4,loop8_L2_attn,2,0.000390625,0.0018147167284041643
4,loop8_L2_attn,3,0.0,0.0009811491472646594
4,loop8_L2_attn,4,0.0,0.000904687971342355
4,loop8_L2_attn,5,0.000390625,0.000875924073625356
4,loop8_L2_attn,6,0.001171875,0.0021421497222036123
4,loop8_L2_attn,7,0.004296875,0.007011025212705135
4,loop8_L2_attn,8,0.9625,0.9496724009513855
4,loop8_L2_attn,9,0.02890625,0.030837735161185265
4,loop8_L2_mlp,0,0.0046875,0.005177277605980635
4,loop8_L2_mlp,1,0.00078125,0.0015811206540092826
4,loop8_L2_mlp,2,0.0015625,0.0018644615774974227
4,loop8_L2_mlp,3,0.0,0.0008186184568330646
4,loop8_L2_mlp,4,0.00078125,0.0014496603980660439
4,loop8_L2_mlp,5,0.0,0.0009046414634212852
4,loop8_L2_mlp,6,0.002734375,0.002747300546616316
4,loop8_L2_mlp,7,0.00390625,0.005147836171090603
4,loop8_L2_mlp,8,0.937109375,0.9261205792427063
4,loop8_L2_mlp,9,0.0484375,0.054191701114177704
4,loop9_L1_attn,0,0.00390625,0.005180369131267071
4,loop9_L1_attn,1,0.00078125,0.0016581782838329673
4,loop9_L1_attn,2,0.001171875,0.0017995343077927828
4,loop9_L1_attn,3,0.0,0.0009077155264094472
4,loop9_L1_attn,4,0.001171875,0.001465705456212163
4,loop9_L1_attn,5,0.0,0.000973968009930104
4,loop9_L1_attn,6,0.00234375,0.0028178382199257612
4,loop9_L1_attn,7,0.004296875,0.005223664455115795
4,loop9_L1_attn,8,0.937890625,0.9257200956344604
4,loop9_L1_attn,9,0.0484375,0.05425666645169258
4,loop9_L1_mlp,0,0.00390625,0.004982244689017534
4,loop9_L1_mlp,1,0.001171875,0.0017811661818996072
4,loop9_L1_mlp,2,0.001953125,0.0022308658808469772
4,loop9_L1_mlp,3,0.000390625,0.0011375639587640762
4,loop9_L1_mlp,4,0.001171875,0.0017531694611534476
4,loop9_L1_mlp,5,0.000390625,0.0012004660675302148
4,loop9_L1_mlp,6,0.001953125,0.0028425888158380985
4,loop9_L1_mlp,7,0.00390625,0.005910612642765045
4,loop9_L1_mlp,8,0.933203125,0.9201332926750183
4,loop9_L1_mlp,9,0.051953125,0.058031439781188965
4,loop9_L2_attn,0,0.004296875,0.006326327566057444
4,loop9_L2_attn,1,0.001171875,0.002138640033081174
4,loop9_L2_attn,2,0.001953125,0.0027843776624649763
4,loop9_L2_attn,3,0.00078125,0.001661329180933535
4,loop9_L2_attn,4,0.0015625,0.002096382435411215
4,loop9_L2_attn,5,0.0,0.0016793457325547934
4,loop9_L2_attn,6,0.00234375,0.004246865399181843
4,loop9_L2_attn,7,0.008203125,0.009426123462617397
4,loop9_L2_attn,8,0.9328125,0.9167385101318359
4,loop9_L2_attn,9,0.046875,0.052901607006788254
4,loop9_L2_mlp,0,0.00703125,0.008398891426622868
4,loop9_L2_mlp,1,0.001953125,0.0025799842551350594
4,loop9_L2_mlp,2,0.0015625,0.0022546646650880575
4,loop9_L2_mlp,3,0.00078125,0.0021052388474345207
4,loop9_L2_mlp,4,0.001953125,0.00285080773755908
4,loop9_L2_mlp,5,0.001171875,0.0019393458496779203
4,loop9_L2_mlp,6,0.00390625,0.004990979563444853
4,loop9_L2_mlp,7,0.00625,0.008058212697505951
4,loop9_L2_mlp,8,0.88671875,0.8780606389045715
4,loop9_L2_mlp,9,0.088671875,0.0887628123164177
4,loop10_L1_attn,0,0.00703125,0.008277839981019497
4,loop10_L1_attn,1,0.00234375,0.0027052555233240128
4,loop10_L1_attn,2,0.001171875,0.0021772596519440413
4,loop10_L1_attn,3,0.001171875,0.0021738496143370867
4,loop10_L1_attn,4,0.00234375,0.002972002374008298
4,loop10_L1_attn,5,0.001171875,0.0019398487638682127
4,loop10_L1_attn,6,0.004296875,0.005040943622589111
4,loop10_L1_attn,7,0.00625,0.007899864576756954
4,loop10_L1_attn,8,0.887109375,0.8778908848762512
4,loop10_L1_attn,9,0.087109375,0.0889233872294426
4,loop10_L1_mlp,0,0.00625,0.008782478049397469
4,loop10_L1_mlp,1,0.001953125,0.0028979633934795856
4,loop10_L1_mlp,2,0.00234375,0.002811799291521311
4,loop10_L1_mlp,3,0.0015625,0.0026534702628850937
4,loop10_L1_mlp,4,0.001953125,0.00325511465780437
4,loop10_L1_mlp,5,0.0015625,0.0023606952745467424
4,loop10_L1_mlp,6,0.00546875,0.0054667359218001366
4,loop10_L1_mlp,7,0.007421875,0.008818257600069046
4,loop10_L1_mlp,8,0.87890625,0.8701015710830688
4,loop10_L1_mlp,9,0.092578125,0.0928521379828453
4,loop10_L2_attn,0,0.00859375,0.010357880964875221
4,loop10_L2_attn,1,0.00234375,0.003027829108759761
4,loop10_L2_attn,2,0.00234375,0.0032067387364804745
4,loop10_L2_attn,3,0.001171875,0.0029192171059548855
4,loop10_L2_attn,4,0.00234375,0.003387977136299014
4,loop10_L2_attn,5,0.0015625,0.0027581392787396908
4,loop10_L2_attn,6,0.005859375,0.006637786515057087
4,loop10_L2_attn,7,0.009375,0.011187677271664143
4,loop10_L2_attn,8,0.884375,0.8711251020431519
4,loop10_L2_attn,9,0.08203125,0.08539281785488129
4,loop10_L2_mlp,0,0.012109375,0.013461830094456673
4,loop10_L2_mlp,1,0.002734375,0.003770363749936223
4,loop10_L2_mlp,2,0.0015625,0.0029505619313567877
4,loop10_L2_mlp,3,0.001953125,0.003435984719544649
4,loop10_L2_mlp,4,0.003125,0.003930649254471064
4,loop10_L2_mlp,5,0.001953125,0.003016463713720441
4,loop10_L2_mlp,6,0.00703125,0.007103523705154657
4,loop10_L2_mlp,7,0.009375,0.009770272299647331
4,loop10_L2_mlp,8,0.848828125,0.8362358212471008
4,loop10_L2_mlp,9,0.111328125,0.11632470041513443
6,embedding,0,0.1,0.10000070184469223
6,embedding,1,0.1,0.10000070184469223
6,embedding,2,0.1,0.10000070184469223
6,embedding,3,0.1,0.10000070184469223
6,embedding,4,0.1,0.10000070184469223
6,embedding,5,0.1,0.10000070184469223
6,embedding,6,0.1,0.10000070184469223
6,embedding,7,0.1,0.10000070184469223
6,embedding,8,0.1,0.10000070184469223
6,embedding,9,0.1,0.10000070184469223
6,loop1_L1_attn,0,0.734375,0.4790040850639343
6,loop1_L1_attn,1,0.164453125,0.1289769858121872
6,loop1_L1_attn,2,0.0109375,0.04837922379374504
6,loop1_L1_attn,3,0.012890625,0.048134155571460724
6,loop1_L1_attn,4,0.010546875,0.04857489466667175
6,loop1_L1_attn,5,0.0125,0.048286374658346176
6,loop1_L1_attn,6,0.0125,0.048714570701122284
6,loop1_L1_attn,7,0.01015625,0.048920441418886185
6,loop1_L1_attn,8,0.01484375,0.05044015124440193
6,loop1_L1_attn,9,0.016796875,0.050569433718919754
6,loop1_L1_mlp,0,0.81640625,0.6884444952011108
6,loop1_L1_mlp,1,0.18359375,0.12516994774341583
6,loop1_L1_mlp,2,0.0,0.02338659018278122
6,loop1_L1_mlp,3,0.0,0.023165974766016006
6,loop1_L1_mlp,4,0.0,0.023023158311843872
6,loop1_L1_mlp,5,0.0,0.023350872099399567
6,loop1_L1_mlp,6,0.0,0.02302885241806507
6,loop1_L1_mlp,7,0.0,0.023210709914565086
6,loop1_L1_mlp,8,0.0,0.023631228134036064
6,loop1_L1_mlp,9,0.0,0.023588163778185844
6,loop1_L2_attn,0,0.0,0.015599088743329048
6,loop1_L2_attn,1,0.778125,0.6814149022102356
6,loop1_L2_attn,2,0.21875,0.2230531871318817
6,loop1_L2_attn,3,0.002734375,0.018083663657307625
6,loop1_L2_attn,4,0.0,0.010365025140345097
6,loop1_L2_attn,5,0.0,0.010195087641477585
6,loop1_L2_attn,6,0.0,0.01000959426164627
6,loop1_L2_attn,7,0.0,0.010349235497415066
6,loop1_L2_attn,8,0.0,0.010475507006049156
6,loop1_L2_attn,9,0.000390625,0.010455017909407616
6,loop1_L2_mlp,0,0.03203125,0.049914054572582245
6,loop1_L2_mlp,1,0.547265625,0.46351152658462524
6,loop1_L2_mlp,2,0.38203125,0.372648149728775
6,loop1_L2_mlp,3,0.024609375,0.033536218106746674
6,loop1_L2_mlp,4,0.001953125,0.013612674549221992
6,loop1_L2_mlp,5,0.002734375,0.013285616412758827
6,loop1_L2_mlp,6,0.001953125,0.013573999516665936
6,loop1_L2_mlp,7,0.00078125,0.013035071082413197
6,loop1_L2_mlp,8,0.004296875,0.014114188961684704
6,loop1_L2_mlp,9,0.00234375,0.012768896296620369
6,loop2_L1_attn,0,0.023828125,0.04946482926607132
6,loop2_L1_attn,1,0.542578125,0.4368689954280853
6,loop2_L1_attn,2,0.394921875,0.3734263777732849
6,loop2_L1_attn,3,0.025,0.03752828389406204
6,loop2_L1_attn,4,0.00234375,0.017446136102080345
6,loop2_L1_attn,5,0.002734375,0.017116883769631386
6,loop2_L1_attn,6,0.001953125,0.017404349520802498
6,loop2_L1_attn,7,0.00078125,0.016758302226662636
6,loop2_L1_attn,8,0.00390625,0.017888695001602173
6,loop2_L1_attn,9,0.001953125,0.016097476705908775
6,loop2_L1_mlp,0,0.00234375,0.03689148277044296
6,loop2_L1_mlp,1,0.56015625,0.48704734444618225
6,loop2_L1_mlp,2,0.409375,0.3770117461681366
6,loop2_L1_mlp,3,0.028125,0.03437390178442001
6,loop2_L1_mlp,4,0.0,0.010797983966767788
6,loop2_L1_mlp,5,0.0,0.010727332904934883
6,loop2_L1_mlp,6,0.0,0.011201927438378334
6,loop2_L1_mlp,7,0.0,0.010500757023692131
6,loop2_L1_mlp,8,0.0,0.010843073949217796
6,loop2_L1_mlp,9,0.0,0.010604426264762878
6,loop2_L2_attn,0,0.0,0.010593123733997345
6,loop2_L2_attn,1,0.0,0.004559490829706192
6,loop2_L2_attn,2,0.45390625,0.3994559943675995
6,loop2_L2_attn,3,0.440234375,0.4336705803871155
6,loop2_L2_attn,4,0.101953125,0.10573810338973999
6,loop2_L2_attn,5,0.00390625,0.013567465357482433
6,loop2_L2_attn,6,0.0,0.007970668375492096
6,loop2_L2_attn,7,0.0,0.007867925800383091
6,loop2_L2_attn,8,0.0,0.008202368393540382
6,loop2_L2_attn,9,0.0,0.008374368771910667
6,loop2_L2_mlp,0,0.0015625,0.009735900908708572
6,loop2_L2_mlp,1,0.0,0.0053873127326369286
6,loop2_L2_mlp,2,0.29375,0.2710161805152893
6,loop2_L2_mlp,3,0.516796875,0.4838692545890808
6,loop2_L2_mlp,4,0.187109375,0.1895635426044464
6,loop2_L2_mlp,5,0.0,0.008222534321248531
6,loop2_L2_mlp,6,0.0,0.00791228748857975
6,loop2_L2_mlp,7,0.000390625,0.008082552812993526
6,loop2_L2_mlp,8,0.0,0.0077145337127149105
6,loop2_L2_mlp,9,0.000390625,0.00849562045186758
6,loop3_L1_attn,0,0.000390625,0.011454155668616295
6,loop3_L1_attn,1,0.0,0.0073954216204583645
6,loop3_L1_attn,2,0.294921875,0.2611827254295349
6,loop3_L1_attn,3,0.50703125,0.47270092368125916
6,loop3_L1_attn,4,0.1953125,0.19239376485347748
6,loop3_L1_attn,5,0.0,0.011210881173610687
6,loop3_L1_attn,6,0.00078125,0.010927277617156506
6,loop3_L1_attn,7,0.00078125,0.010858097113668919
6,loop3_L1_attn,8,0.000390625,0.010627614334225655
6,loop3_L1_attn,9,0.000390625,0.011249231174588203
6,loop3_L1_mlp,0,0.0,0.00772522296756506
6,loop3_L1_mlp,1,0.0,0.004901552107185125
6,loop3_L1_mlp,2,0.267578125,0.2693951427936554
6,loop3_L1_mlp,3,0.522265625,0.48754018545150757
6,loop3_L1_mlp,4,0.21015625,0.19521088898181915
6,loop3_L1_mlp,5,0.0,0.007925893180072308
6,loop3_L1_mlp,6,0.0,0.007035837508738041
6,loop3_L1_mlp,7,0.0,0.006843341048806906
6,loop3_L1_mlp,8,0.0,0.006727113388478756
6,loop3_L1_mlp,9,0.0,0.006694361567497253
6,loop3_L2_attn,0,0.0,0.010419696569442749
6,loop3_L2_attn,1,0.0,0.006009776145219803
6,loop3_L2_attn,2,0.0,0.005207431968301535
6,loop3_L2_attn,3,0.166015625,0.15894746780395508
6,loop3_L2_attn,4,0.529296875,0.4772224426269531
6,loop3_L2_attn,5,0.276171875,0.2761232554912567
6,loop3_L2_attn,6,0.028515625,0.0416485033929348
6,loop3_L2_attn,7,0.0,0.00852045975625515
6,loop3_L2_attn,8,0.0,0.007978673093020916
6,loop3_L2_attn,9,0.0,0.007922002114355564
6,loop3_L2_mlp,0,0.000390625,0.014236094430088997
6,loop3_L2_mlp,1,0.0,0.007901730015873909
6,loop3_L2_mlp,2,0.0,0.006994911469519138
6,loop3_L2_mlp,3,0.043359375,0.054179348051548004
6,loop3_L2_mlp,4,0.440234375,0.3885827660560608
6,loop3_L2_mlp,5,0.512109375,0.4789910912513733
6,loop3_L2_mlp,6,0.00078125,0.01447422243654728
6,loop3_L2_mlp,7,0.0015625,0.011722350493073463
6,loop3_L2_mlp,8,0.00078125,0.011754300445318222
6,loop3_L2_mlp,9,0.00078125,0.011163454502820969
6,loop4_L1_attn,0,0.00078125,0.014946048147976398
6,loop4_L1_attn,1,0.0,0.009665467776358128
6,loop4_L1_attn,2,0.0,0.008174433372914791
6,loop4_L1_attn,3,0.046875,0.05335596948862076
6,loop4_L1_attn,4,0.42734375,0.374819815158844
6,loop4_L1_attn,5,0.519140625,0.4808192849159241
6,loop4_L1_attn,6,0.001171875,0.016954096034169197
6,loop4_L1_attn,7,0.0015625,0.014053399674594402
6,loop4_L1_attn,8,0.001953125,0.01393850427120924
6,loop4_L1_attn,9,0.001171875,0.013272622600197792
6,loop4_L1_mlp,0,0.0,0.010599500499665737
6,loop4_L1_mlp,1,0.0,0.006117301061749458
6,loop4_L1_mlp,2,0.0,0.006096794269979
6,loop4_L1_mlp,3,0.070703125,0.06815245002508163
6,loop4_L1_mlp,4,0.43515625,0.40061622858047485
6,loop4_L1_mlp,5,0.49375,0.4711889326572418
6,loop4_L1_mlp,6,0.000390625,0.013454368337988853
6,loop4_L1_mlp,7,0.0,0.008419906720519066
6,loop4_L1_mlp,8,0.0,0.007891623303294182
6,loop4_L1_mlp,9,0.0,0.007462640758603811
6,loop4_L2_attn,0,0.0,0.009977854788303375
6,loop4_L2_attn,1,0.0,0.007344811223447323
6,loop4_L2_attn,2,0.0,0.007271341979503632
6,loop4_L2_attn,3,0.0,0.004085854161530733
6,loop4_L2_attn,4,0.03671875,0.03778994828462601
6,loop4_L2_attn,5,0.387109375,0.3526000380516052
6,loop4_L2_attn,6,0.514453125,0.4802635610103607
6,loop4_L2_attn,7,0.06171875,0.08401615917682648
6,loop4_L2_attn,8,0.0,0.008864840492606163
6,loop4_L2_attn,9,0.0,0.007785019930452108
6,loop4_L2_mlp,0,0.000390625,0.00816156156361103
6,loop4_L2_mlp,1,0.000390625,0.00519365631043911
6,loop4_L2_mlp,2,0.000390625,0.0053569418378174305
6,loop4_L2_mlp,3,0.0,0.0021846829913556576
6,loop4_L2_mlp,4,0.00234375,0.007430294994264841
6,loop4_L2_mlp,5,0.185546875,0.1836499720811844
6,loop4_L2_mlp,6,0.809375,0.7644230127334595
6,loop4_L2_mlp,7,0.00078125,0.011003696359694004
6,loop4_L2_mlp,8,0.00078125,0.006563698407262564
6,loop4_L2_mlp,9,0.0,0.006032354664057493
6,loop5_L1_attn,0,0.00078125,0.008777760900557041
6,loop5_L1_attn,1,0.000390625,0.005902962293475866
6,loop5_L1_attn,2,0.000390625,0.006320787128061056
6,loop5_L1_attn,3,0.0,0.0025012888945639133
6,loop5_L1_attn,4,0.005078125,0.009177492931485176
6,loop5_L1_attn,5,0.18046875,0.17694996297359467
6,loop5_L1_attn,6,0.810546875,0.7629876732826233
6,loop5_L1_attn,7,0.00078125,0.012556023895740509
6,loop5_L1_attn,8,0.00078125,0.007654260843992233
6,loop5_L1_attn,9,0.00078125,0.007172091398388147
6,loop5_L1_mlp,0,0.0,0.007175880018621683
6,loop5_L1_mlp,1,0.0,0.0051023634150624275
6,loop5_L1_mlp,2,0.0,0.005259119439870119
6,loop5_L1_mlp,3,0.0,0.0023404371459037066
6,loop5_L1_mlp,4,0.011328125,0.0120164779946208
6,loop5_L1_mlp,5,0.223046875,0.2068437784910202
6,loop5_L1_mlp,6,0.76484375,0.7320914268493652
6,loop5_L1_mlp,7,0.00078125,0.017737796530127525
6,loop5_L1_mlp,8,0.0,0.006011252291500568
6,loop5_L1_mlp,9,0.0,0.005421497859060764
6,loop5_L2_attn,0,0.0,0.007689287420362234
6,loop5_L2_attn,1,0.0,0.006163959391415119
6,loop5_L2_attn,2,0.0,0.0070841447450220585
6,loop5_L2_attn,3,0.0,0.00511914910748601
6,loop5_L2_attn,4,0.0,0.0030643888749182224
6,loop5_L2_attn,5,0.001953125,0.005801259074360132
6,loop5_L2_attn,6,0.186328125,0.1701051890850067
6,loop5_L2_attn,7,0.70390625,0.6475962400436401
6,loop5_L2_attn,8,0.1078125,0.13940837979316711
6,loop5_L2_attn,9,0.0,0.007968291640281677
6,loop5_L2_mlp,0,0.0,0.0023890093434602022
6,loop5_L2_mlp,1,0.0,0.001556693809106946
6,loop5_L2_mlp,2,0.0,0.001985634909942746
6,loop5_L2_mlp,3,0.0,0.001056081848219037
6,loop5_L2_mlp,4,0.0,0.0002868519222829491
6,loop5_L2_mlp,5,0.0,0.0007339233416132629
6,loop5_L2_mlp,6,0.066796875,0.06245236471295357
6,loop5_L2_mlp,7,0.933203125,0.924233078956604
6,loop5_L2_mlp,8,0.0,0.0037595927715301514
6,loop5_L2_mlp,9,0.0,0.0015469619538635015
6,loop6_L1_attn,0,0.0,0.0031040164176374674
6,loop6_L1_attn,1,0.0,0.0019018125021830201
6,loop6_L1_attn,2,0.0,0.002535799751058221
6,loop6_L1_attn,3,0.0,0.0014594703679904342
6,loop6_L1_attn,4,0.0,0.0004066095279995352
6,loop6_L1_attn,5,0.00078125,0.0011513537028804421
6,loop6_L1_attn,6,0.0625,0.059575289487838745
6,loop6_L1_attn,7,0.93671875,0.9227848052978516
6,loop6_L1_attn,8,0.0,0.004964934196323156
6,loop6_L1_attn,9,0.0,0.002114414470270276
6,loop6_L1_mlp,0,0.00078125,0.003181875916197896
6,loop6_L1_mlp,1,0.0,0.002402920974418521
6,loop6_L1_mlp,2,0.0,0.003280840115621686
6,loop6_L1_mlp,3,0.0,0.0019240777473896742
6,loop6_L1_mlp,4,0.0,0.0006630344432778656
6,loop6_L1_mlp,5,0.000390625,0.0012203531805425882
6,loop6_L1_mlp,6,0.086328125,0.07757721841335297
6,loop6_L1_mlp,7,0.9109375,0.8971020579338074
6,loop6_L1_mlp,8,0.0015625,0.010028821416199207
6,loop6_L1_mlp,9,0.0,0.002617698162794113
6,loop6_L2_attn,0,0.0,0.009719505906105042
6,loop6_L2_attn,1,0.0,0.005678591318428516
6,loop6_L2_attn,2,0.001171875,0.006455452647060156
6,loop6_L2_attn,3,0.000390625,0.005548897199332714
6,loop6_L2_attn,4,0.0,0.004308692645281553
6,loop6_L2_attn,5,0.0,0.0028874948620796204
6,loop6_L2_attn,6,0.0,0.003368755802512169
6,loop6_L2_attn,7,0.0484375,0.061775851994752884
6,loop6_L2_attn,8,0.79765625,0.7178365588188171
6,loop6_L2_attn,9,0.15234375,0.1824202686548233
6,loop6_L2_mlp,0,0.000390625,0.001208562753163278
6,loop6_L2_mlp,1,0.0,0.0003576340968720615
6,loop6_L2_mlp,2,0.0,0.0005752780707553029
6,loop6_L2_mlp,3,0.0,0.00024429504992440343
6,loop6_L2_mlp,4,0.0,0.0002703320642467588
6,loop6_L2_mlp,5,0.0,3.655362161225639e-05
6,loop6_L2_mlp,6,0.0,6.14868986303918e-05
6,loop6_L2_mlp,7,0.00078125,0.0042649791575968266
6,loop6_L2_mlp,8,0.996875,0.9891530275344849
6,loop6_L2_mlp,9,0.001953125,0.0038339891470968723
6,loop7_L1_attn,0,0.0,0.0013209994649514556
6,loop7_L1_attn,1,0.0,0.0004738792194984853
6,loop7_L1_attn,2,0.000390625,0.0008116980316117406
6,loop7_L1_attn,3,0.0,0.00039144730544649065
6,loop7_L1_attn,4,0.0,0.0004088619607500732
6,loop7_L1_attn,5,0.0,6.395205127773806e-05
6,loop7_L1_attn,6,0.0,6.30770082352683e-05
6,loop7_L1_attn,7,0.001953125,0.004626845475286245
6,loop7_L1_attn,8,0.996484375,0.9878069162368774
6,loop7_L1_attn,9,0.001171875,0.004037209786474705
6,loop7_L1_mlp,0,0.0,0.0012572247069329023
6,loop7_L1_mlp,1,0.000390625,0.0008923657005652785
6,loop7_L1_mlp,2,0.001171875,0.001718573272228241
6,loop7_L1_mlp,3,0.000390625,0.0011612745001912117
6,loop7_L1_mlp,4,0.0,0.000615123484749347
6,loop7_L1_mlp,5,0.0,0.00015153156709857285
6,loop7_L1_mlp,6,0.0,0.00011354291200404987
6,loop7_L1_mlp,7,0.01328125,0.01285574585199356
6,loop7_L1_mlp,8,0.97578125,0.9712777137756348
6,loop7_L1_mlp,9,0.008984375,0.009960522875189781
6,loop7_L2_attn,0,0.075390625,0.0907464474439621
6,loop7_L2_attn,1,0.001953125,0.0076805660501122475
6,loop7_L2_attn,2,0.00078125,0.0052759163081645966
6,loop7_L2_attn,3,0.0015625,0.004740830976516008
6,loop7_L2_attn,4,0.001171875,0.0037586241960525513
6,loop7_L2_attn,5,0.0,0.002284333575516939
6,loop7_L2_attn,6,0.0,0.0011185737093910575
6,loop7_L2_attn,7,0.001171875,0.004251105710864067
6,loop7_L2_attn,8,0.66484375,0.6395029425621033
6,loop7_L2_attn,9,0.253125,0.24063999950885773
6,loop7_L2_mlp,0,0.022265625,0.02408698759973049
6,loop7_L2_mlp,1,0.00234375,0.0033506271429359913
6,loop7_L2_mlp,2,0.000390625,0.0013464249204844236
6,loop7_L2_mlp,3,0.001171875,0.001552033587358892
6,loop7_L2_mlp,4,0.000390625,0.0015390091575682163
6,loop7_L2_mlp,5,0.0,0.0002371662703808397
6,loop7_L2_mlp,6,0.0,8.531507774023339e-05
6,loop7_L2_mlp,7,0.00078125,0.0017075312789529562
6,loop7_L2_mlp,8,0.455859375,0.45601192116737366
6,loop7_L2_mlp,9,0.516796875,0.5100815296173096
6,loop8_L1_attn,0,0.020703125,0.024107564240694046
6,loop8_L1_attn,1,0.003125,0.0037351876962929964
6,loop8_L1_attn,2,0.000390625,0.001432499149814248
6,loop8_L1_attn,3,0.0015625,0.0018156312871724367
6,loop8_L1_attn,4,0.000390625,0.0018109040101990104
6,loop8_L1_attn,5,0.0,0.0003770173352677375
6,loop8_L1_attn,6,0.0,0.0001419993059244007
6,loop8_L1_attn,7,0.00078125,0.0016781743615865707
6,loop8_L1_attn,8,0.4578125,0.4562198221683502
6,loop8_L1_attn,9,0.515234375,0.5086802244186401
6,loop8_L1_mlp,0,0.02265625,0.02939416840672493
6,loop8_L1_mlp,1,0.00390625,0.005177119746804237
6,loop8_L1_mlp,2,0.0015625,0.0023644608445465565
6,loop8_L1_mlp,3,0.0015625,0.002036038553342223
6,loop8_L1_mlp,4,0.001171875,0.0017288221279159188
6,loop8_L1_mlp,5,0.0,0.0004532447492238134
6,loop8_L1_mlp,6,0.0,0.0001962444221135229
6,loop8_L1_mlp,7,0.0015625,0.002426095772534609
6,loop8_L1_mlp,8,0.450390625,0.4500957131385803
6,loop8_L1_mlp,9,0.5171875,0.506127655506134
6,loop8_L2_attn,0,0.0640625,0.0689447671175003
6,loop8_L2_attn,1,0.01484375,0.017162684351205826
6,loop8_L2_attn,2,0.00234375,0.00489137414842844
6,loop8_L2_attn,3,0.00078125,0.0026574409566819668
6,loop8_L2_attn,4,0.001171875,0.0027017355896532536
6,loop8_L2_attn,5,0.000390625,0.0012022528098896146
6,loop8_L2_attn,6,0.0,0.00048732804134488106
6,loop8_L2_attn,7,0.001171875,0.002301424043253064
6,loop8_L2_attn,8,0.45703125,0.45594891905784607
6,loop8_L2_attn,9,0.458203125,0.4437013268470764
6,loop8_L2_mlp,0,0.06796875,0.07278035581111908
6,loop8_L2_mlp,1,0.01171875,0.013334396295249462
6,loop8_L2_mlp,2,0.003125,0.0038517527282238007
6,loop8_L2_mlp,3,0.000390625,0.001818884746171534
6,loop8_L2_mlp,4,0.00234375,0.002265569753944874
6,loop8_L2_mlp,5,0.0,0.0006138194585219026
6,loop8_L2_mlp,6,0.0,0.0002691024274099618
6,loop8_L2_mlp,7,0.0015625,0.0021677962504327297
6,loop8_L2_mlp,8,0.458203125,0.4514455795288086
6,loop8_L2_mlp,9,0.4546875,0.4514527916908264
6,loop9_L1_attn,0,0.06875,0.07261581718921661
6,loop9_L1_attn,1,0.01171875,0.013630518689751625
6,loop9_L1_attn,2,0.00234375,0.004084521904587746
6,loop9_L1_attn,3,0.00078125,0.002156419213861227
6,loop9_L1_attn,4,0.001953125,0.0025452044792473316
6,loop9_L1_attn,5,0.0,0.0008244418422691524
6,loop9_L1_attn,6,0.0,0.0004204581491649151
6,loop9_L1_attn,7,0.001171875,0.0024358555674552917
6,loop9_L1_attn,8,0.45703125,0.45109209418296814
6,loop9_L1_attn,9,0.45625,0.4501935541629791
6,loop9_L1_mlp,0,0.075,0.07913330942392349
6,loop9_L1_mlp,1,0.012890625,0.015150167047977448
6,loop9_L1_mlp,2,0.003515625,0.0048112040385603905
6,loop9_L1_mlp,3,0.001171875,0.002374840434640646
6,loop9_L1_mlp,4,0.001171875,0.0022300402633845806
6,loop9_L1_mlp,5,0.000390625,0.0009094035485759377
6,loop9_L1_mlp,6,0.0,0.00043567674583755434
6,loop9_L1_mlp,7,0.001953125,0.0025721658021211624
6,loop9_L1_mlp,8,0.4484375,0.4460974335670471
6,loop9_L1_mlp,9,0.45546875,0.44628483057022095
6,loop9_L2_attn,0,0.06953125,0.07606737315654755
6,loop9_L2_attn,1,0.02421875,0.023970630019903183
6,loop9_L2_attn,2,0.007421875,0.009524419903755188
6,loop9_L2_attn,3,0.0015625,0.0046334401704370975
6,loop9_L2_attn,4,0.0015625,0.0030016957316547632
6,loop9_L2_attn,5,0.0,0.0016432690899819136
6,loop9_L2_attn,6,0.0,0.0008838817593641579
6,loop9_L2_attn,7,0.001953125,0.0024261861108243465
6,loop9_L2_attn,8,0.44765625,0.44382911920547485
6,loop9_L2_attn,9,0.44609375,0.4340192377567291
6,loop9_L2_mlp,0,0.0734375,0.07493294030427933
6,loop9_L2_mlp,1,0.021875,0.02392749674618244
6,loop9_L2_mlp,2,0.007421875,0.008680847473442554
6,loop9_L2_mlp,3,0.0015625,0.003642984200268984
6,loop9_L2_mlp,4,0.001953125,0.00249182409606874
6,loop9_L2_mlp,5,0.0,0.0008705294458195567
6,loop9_L2_mlp,6,0.0,0.00048303225776180625
6,loop9_L2_mlp,7,0.00078125,0.0019032834097743034
6,loop9_L2_mlp,8,0.446484375,0.44221410155296326
6,loop9_L2_mlp,9,0.446484375,0.4408511221408844
6,loop10_L1_attn,0,0.075,0.07385747134685516
6,loop10_L1_attn,1,0.02265625,0.023901142179965973
6,loop10_L1_attn,2,0.007421875,0.009046564809978008
6,loop10_L1_attn,3,0.0015625,0.00400291383266449
6,loop10_L1_attn,4,0.00234375,0.002869170857593417
6,loop10_L1_attn,5,0.0,0.0010942554799839854
6,loop10_L1_attn,6,0.0,0.0006483971374109387
6,loop10_L1_attn,7,0.00078125,0.0021845786832273006
6,loop10_L1_attn,8,0.44765625,0.4425017237663269
6,loop10_L1_attn,9,0.442578125,0.43989211320877075
6,loop10_L1_mlp,0,0.07734375,0.08008331805467606
6,loop10_L1_mlp,1,0.025390625,0.025865426287055016
6,loop10_L1_mlp,2,0.00859375,0.009855980984866619
6,loop10_L1_mlp,3,0.0015625,0.004024414345622063
6,loop10_L1_mlp,4,0.0015625,0.002750101964920759
6,loop10_L1_mlp,5,0.0,0.0012569405371323228
6,loop10_L1_mlp,6,0.0,0.0008990372298285365
6,loop10_L1_mlp,7,0.0015625,0.002218929585069418
6,loop10_L1_mlp,8,0.43984375,0.4381389617919922
6,loop10_L1_mlp,9,0.444140625,0.4349060654640198
6,loop10_L2_attn,0,0.07578125,0.07966377586126328
6,loop10_L2_attn,1,0.03046875,0.02940576709806919
6,loop10_L2_attn,2,0.0109375,0.01209003385156393
6,loop10_L2_attn,3,0.00390625,0.006178353913128376
6,loop10_L2_attn,4,0.001171875,0.003574871690943837
6,loop10_L2_attn,5,0.000390625,0.0020588890183717012
6,loop10_L2_attn,6,0.000390625,0.0015112007968127728
6,loop10_L2_attn,7,0.00078125,0.002338432939723134
6,loop10_L2_attn,8,0.43984375,0.4363698363304138
6,loop10_L2_attn,9,0.436328125,0.42680805921554565
6,loop10_L2_mlp,0,0.074609375,0.07714178413152695
6,loop10_L2_mlp,1,0.0265625,0.027001887559890747
6,loop10_L2_mlp,2,0.009765625,0.011241860687732697
6,loop10_L2_mlp,3,0.00546875,0.005939454771578312
6,loop10_L2_mlp,4,0.00234375,0.0032681208103895187
6,loop10_L2_mlp,5,0.000390625,0.001214908785186708
6,loop10_L2_mlp,6,0.0,0.000798862602096051
6,loop10_L2_mlp,7,0.001171875,0.0020235662814229727
6,loop10_L2_mlp,8,0.442578125,0.4372282028198242
6,loop10_L2_mlp,9,0.437109375,0.4341394007205963
