condition,count,n,rate,wilson_low,wilson_high
pattern to CF,52,64,0.8125,0.7002563943589847,0.8893535682705119
output to CF,2,64,0.03125,0.008612138346171874,0.10697291770958313
pattern to source,2,64,0.03125,0.008612138346171874,0.10697291770958313
output to source,61,64,0.953125,0.8710034625990631,0.983930983213707
restore_5,54,55,0.9818181818181818,0.903942239378376,0.9967832195451589
restore_0,3,55,0.05454545454545454,0.01872321555468448,0.14853060544053792
restore_all,55,55,1.0,0.9347150988829137,1.0
native,0,64,0.0,0.0,0.05662405979280534
J,62,64,0.96875,0.8930270822904169,0.9913878616538281
late_rescue_pattern,60,64,0.9375,0.8500251490779133,0.9754287986033819
late_rescue_value,15,64,0.234375,0.1474989559392414,0.35133257582568644
late_damage_pattern,0,64,0.0,0.0,0.05662405979280534
