backbone,hop,fit,mode,n,endpoint,one,two,other
A,1,1,raw,4110,2061,1979,54,16
A,1,1,full,4110,6,4095,7,2
A,1,2,raw,4110,2061,1979,54,16
A,1,2,full,4110,4,4095,10,1
A,2,1,raw,4110,2061,1979,54,16
A,2,1,full,4110,7,30,4035,38
A,2,2,raw,4110,2061,1979,54,16
A,2,2,full,4110,8,39,4033,30
B,1,1,raw,4110,4109,0,1,0
B,1,1,full,4110,19,2881,501,709
B,1,2,raw,4110,4109,0,1,0
B,1,2,full,4110,15,3857,101,137
B,2,1,raw,4110,4109,0,1,0
B,2,1,full,4110,3,0,4104,3
B,2,2,raw,4110,4109,0,1,0
B,2,2,full,4110,3,0,4105,2
C,1,1,raw,4110,3913,144,12,41
C,1,1,full,4110,3,4104,1,2
C,1,2,raw,4110,3913,144,12,41
C,1,2,full,4110,2,4101,3,4
C,2,1,raw,4110,3913,144,12,41
C,2,1,full,4110,17,59,3854,180
C,2,2,raw,4110,3913,144,12,41
C,2,2,full,4110,14,65,3856,175
D,1,1,raw,4110,4105,0,0,5
D,1,1,full,4110,0,3692,199,219
D,1,2,raw,4110,4105,0,0,5
D,1,2,full,4110,5,3402,338,365
D,2,1,raw,4110,4105,0,0,5
D,2,1,full,4110,1,1,4106,2
D,2,2,raw,4110,4105,0,0,5
D,2,2,full,4110,1,1,4106,2
E,1,1,raw,4110,4109,0,1,0
E,1,1,full,4110,30,3237,360,483
E,1,2,raw,4110,4109,0,1,0
E,1,2,full,4110,32,2867,496,715
E,2,1,raw,4110,4109,0,1,0
E,2,1,full,4110,0,1,4105,4
E,2,2,raw,4110,4109,0,1,0
E,2,2,full,4110,0,1,4102,7
