mode,call,point_estimate,ci95_low,ci95_high
full,9,0.976907009548611,0.9451848105778771,0.9993969145275297
full,10,0.9807808366402115,0.9498025714915596,0.9995357575900731
full,11,0.9673853659700353,0.924332896944683,0.9991677849747114
full,12,0.9744039691599623,0.9313942512412119,0.9993590092048996
full,13,0.9525713293650794,0.8887085912698413,0.9987094890873016
full,14,0.965953881552621,0.9083966920101374,0.9993347338935573
full,15,0.9477575642103787,0.8734095612582782,0.9975771531938749
full,16,0.9441907793209876,0.8572090084876542,0.9981769455467372
full,17,0.9224987673760218,0.8251025538179534,0.9906438472182459
full,18,0.8975917830565635,0.7875718415493602,0.9815365929377907
full,19,0.8087639702690971,0.6718474324544271,0.9127537173316591
full,20,0.7268540202966433,0.5922548607045278,0.8377775846506635
full,21,0.5227586534288193,0.4335974484398251,0.6088046385749938
full,22,0.33196595773140714,0.2739614990190833,0.40047227795612617
full,23,0.2792130802801534,0.2534279808098406,0.31059250497131596
full,24,0.24146673831569665,0.22580935846560846,0.257369457534171
full,25,0.2184777638268849,0.20887814234173482,0.22730247618660088
full,26,0.16250541883420033,0.15634606967787118,0.16896517982192877
full,27,0.19794941251240075,0.18727942088293653,0.2068666125100756
full,28,0.178371393970849,0.16901855996712944,0.18742665961139224
full,29,0.19264745670995673,0.18110743033008658,0.20413453451930016
full,30,0.17988443641345428,0.16869986536281176,0.1893627222300957
full,31,0.17930288163442457,0.16665450323195685,0.19192616296192955
full,32,0.13689041881812966,0.12864959839357432,0.14420611015490536
full,33,0.19766875000000003,0.17793983382936507,0.21751615823412698
full,34,0.15326751070798686,0.14455111587459057,0.16149023339081003
full,35,0.17309042688551704,0.15631176539587108,0.18945893026131622
full,36,0.1725868513632366,0.15902317410583405,0.18652977041190263
full,37,0.1655759781125992,0.14747904701838416,0.1818702964177207
full,38,0.13622916666666668,0.13011986607142859,0.1424290922619047
full,39,0.16072784908234125,0.14536475287543402,0.1761792113289
full,40,0.1555952380952381,0.14153705426036153,0.16937925416115523
full,41,0.16095216226103,0.14281186380697902,0.17852350037376336
full,42,0.15195499496094733,0.13774791253306876,0.16532282169233434
full,43,0.17025732912212507,0.14474841011139905,0.19513318058704962
full,44,0.12867754683840749,0.12285857606362216,0.1342813231850117
full,45,0.15383572048611108,0.13392491174122645,0.17257992214626736
full,46,0.1413324357520786,0.13067230263054297,0.15225325865299824
full,47,0.14672161783885232,0.13247869250405572,0.16107141117552565
full,48,0.1565778272093151,0.13529334527928819,0.17730148431921786
full,49,0.14961005316840278,0.1318021719796317,0.16747302342974948
full,50,0.13889821029082774,0.1261241610738255,0.1508446064038031
full,51,0.1468502952938988,0.13000321887788321,0.16333047291589162
full,52,0.13644836739870986,0.12786555727694426,0.14676654684895268
full,53,0.14955632105022346,0.1312019503616302,0.1700086805555555
full,54,0.13737146478961954,0.12752475729875282,0.1468025783808894
full,55,0.14173128642733135,0.1288435823955233,0.15497772216796876
full,56,0.13567125645438896,0.12438952237521515,0.14677316408491103
full,57,0.14281684712148288,0.12700365891849746,0.1596860929342303
full,58,0.1339314353532021,0.12443106705249457,0.14494490095403054
full,59,0.136507837102777,0.12643806213617712,0.14684626693863922
full,60,0.13863543705153294,0.12869040824092193,0.14902775512792635
full,61,0.13674481104290673,0.12425690423874627,0.14943576388888885
full,62,0.1265110210750967,0.120672133436708,0.13230524501467253
full,63,0.1403015873015873,0.12751356150793652,0.15365927827380954
full,64,0.1317529531192322,0.12245408822443704,0.141828742155777
full,65,0.13547491809014853,0.12436471405111812,0.14663713587890065
full,66,0.13198863457420001,0.12414879131629501,0.14051212571255353
full,67,0.13220282660590277,0.12341664389958455,0.14128646850585935
full,68,0.12366397288842544,0.12041052963156065,0.12697715719499478
full,69,0.13182702442956348,0.12431305658249628,0.14016068473694815
full,70,0.12933014062106327,0.12309278992268204,0.1361939528415533
full,71,0.13292095057720058,0.12492087166305915,0.14127622767857143
full,72,0.12948757164902996,0.12196507109788358,0.13721031057098762
full,73,0.13254384920634918,0.1223163988095238,0.14362361111111108
full,74,0.12696703681472588,0.12249368497398959,0.13163713402027477
full,75,0.13123943994915674,0.12487053765190971,0.1379351322234623
full,76,0.1278493513082554,0.12335594920997318,0.13287999089475974
full,77,0.12908336514298438,0.12172044734309889,0.13716165714365236
full,78,0.12980845747389866,0.12307220710253801,0.13692863509039976
full,79,0.12951127309647817,0.1236160665845114,0.1361188712952629
full,80,0.12750286861732643,0.12204442771084338,0.13329783419391852
full,81,0.12916133820064482,0.12266782003735739,0.13628426445855035
full,82,0.12671180161879567,0.12218473442617787,0.13188519620811284
full,83,0.1299526185196917,0.1243432941127301,0.13562955612307745
full,84,0.12703984561861273,0.12140170587355945,0.1330022689488657
full,85,0.12966215091629,0.12325961020445703,0.13573594740968495
full,86,0.12596663665466187,0.12149278461384552,0.13069782079498463
full,87,0.12778707837301587,0.12296820746527777,0.13259415157257565
full,88,0.12681592244741033,0.1224691224529027,0.13120777722853844
full,89,0.12826903807615228,0.1234318662125839,0.13314486612113113
full,90,0.12753064767573696,0.12243430039840011,0.1328191506637377
full,91,0.1280846974206349,0.12361594306098089,0.1332135954357329
full,92,0.12534346846846847,0.12108108108108108,0.12942708333333333
full,93,0.12868501984126987,0.12327462301587301,0.13433348958333333
full,94,0.12507263321995465,0.12210079532391661,0.12826558661659104
full,95,0.1285767964500429,0.12522471281849412,0.13220864596256005
full,96,0.1264652226631393,0.1213306671626984,0.13235129726080244
full,97,0.12767857142857142,0.12306620522150917,0.13215832664853047
full,98,0.127375,0.12315438988095237,0.1328543154761905
full,99,0.12710851816812083,0.12302408546199937,0.1311636050667508
full,100,0.12629058853373923,0.12367179006305719,0.12938248860712473
full,101,0.12750938384705918,0.12359045223383275,0.13155499739558482
full,102,0.1258805547682036,0.12308248053272235,0.12908673813854243
full,103,0.12902688492063494,0.12482386904761904,0.13330853422619046
full,104,0.12665662650602408,0.12337923121055651,0.13003478198508317
full,105,0.12748577783978174,0.12320908077179438,0.13178732977973093
full,106,0.12675807026930622,0.12305658384608525,0.13026612660513642
full,107,0.12723800776155486,0.1230227021503324,0.13168407499522858
full,108,0.1265002595043467,0.12197712915206954,0.13123694030859392
full,109,0.12524956597222223,0.1215154278467572,0.12902530246310762
full,110,0.12654395091369883,0.1234702110010671,0.12931673711151126
full,111,0.1276098826574901,0.12436311025468129,0.13098629663860986
full,112,0.12474302799823633,0.12079919325947969,0.12917977361662258
full,113,0.126687393707483,0.12000868055555557,0.13356141935941046
full,114,0.12601804610733183,0.12344867547713531,0.12860446536832326
full,115,0.12600165473090277,0.12136039370582218,0.13073142884269592
full,116,0.12617583918813424,0.12330511136319279,0.1291282445355191
full,117,0.12460181826636905,0.12038555569118922,0.1292382376534598
full,118,0.125878652076689,0.12313180468492246,0.1287525288454489
full,119,0.1262570776473582,0.12242723045296941,0.1302137036970767
full,120,0.12768664636397192,0.12253088662790694,0.13344355620155038
full,121,0.12341550796750989,0.1175042458186074,0.12951449681842134
full,122,0.12373866213151928,0.1199828160430839,0.12778492647058826
full,123,0.12577599206349208,0.12007517361111111,0.13184004712301586
full,124,0.1251895792563601,0.12183712378596796,0.12851702645955643
full,125,0.1251245546648853,0.12062291994703693,0.13051090027276777
full,126,0.1247211789808516,0.12131355160698538,0.12830078371047493
full,127,0.1235610699393812,0.11899538515277339,0.12917868147534953
full,128,0.12247780468119451,0.11985472154963679,0.12500000000000003
raw,9,0.0,0.0,0.0
raw,10,0.0,0.0,0.0
raw,11,0.0,0.0,0.0
raw,12,0.0,0.0,0.0
raw,13,0.0,0.0,0.0
raw,14,0.0,0.0,0.0
raw,15,0.0,0.0,0.0
raw,16,0.0,0.0,0.0
raw,17,0.0,0.0,0.0
raw,18,0.0,0.0,0.0
raw,19,0.0,0.0,0.0
raw,20,0.0,0.0,0.0
raw,21,0.0,0.0,0.0
raw,22,0.0,0.0,0.0
raw,23,0.0,0.0,0.0
raw,24,0.0,0.0,0.0
raw,25,0.0,0.0,0.0
raw,26,0.0,0.0,0.0
raw,27,0.0,0.0,0.0
raw,28,0.0,0.0,0.0
raw,29,0.0,0.0,0.0
raw,30,0.0,0.0,0.0
raw,31,0.0,0.0,0.0
raw,32,0.0,0.0,0.0
raw,33,0.0,0.0,0.0
raw,34,0.0,0.0,0.0
raw,35,0.0,0.0,0.0
raw,36,0.0,0.0,0.0
raw,37,0.0,0.0,0.0
raw,38,0.0,0.0,0.0
raw,39,0.0,0.0,0.0
raw,40,0.0,0.0,0.0
raw,41,0.0,0.0,0.0
raw,42,0.0,0.0,0.0
raw,43,0.0,0.0,0.0
raw,44,0.0,0.0,0.0
raw,45,0.0,0.0,0.0
raw,46,0.0,0.0,0.0
raw,47,0.0,0.0,0.0
raw,48,0.0,0.0,0.0
raw,49,0.0,0.0,0.0
raw,50,0.0,0.0,0.0
raw,51,0.0,0.0,0.0
raw,52,0.0,0.0,0.0
raw,53,0.0,0.0,0.0
raw,54,0.0,0.0,0.0
raw,55,0.0,0.0,0.0
raw,56,0.0,0.0,0.0
raw,57,0.0,0.0,0.0
raw,58,0.0,0.0,0.0
raw,59,0.0,0.0,0.0
raw,60,0.0,0.0,0.0
raw,61,0.0,0.0,0.0
raw,62,0.0,0.0,0.0
raw,63,0.0,0.0,0.0
raw,64,0.0,0.0,0.0
raw,65,0.0,0.0,0.0
raw,66,0.0,0.0,0.0
raw,67,0.0,0.0,0.0
raw,68,0.0,0.0,0.0
raw,69,0.0,0.0,0.0
raw,70,0.0,0.0,0.0
raw,71,0.0,0.0,0.0
raw,72,0.0,0.0,0.0
raw,73,0.0,0.0,0.0
raw,74,0.0,0.0,0.0
raw,75,0.0,0.0,0.0
raw,76,0.0,0.0,0.0
raw,77,0.0,0.0,0.0
raw,78,0.0,0.0,0.0
raw,79,0.0,0.0,0.0
raw,80,0.0,0.0,0.0
raw,81,3.255208333333333e-05,0.0,9.765625000000002e-05
raw,82,0.0,0.0,0.0
raw,83,0.0,0.0,0.0
raw,84,6.341958396752917e-05,0.0,0.0001902587519025875
raw,85,0.0,0.0,0.0
raw,86,3.3346672002134185e-05,0.0,0.00010004001600640255
raw,87,3.255208333333333e-05,0.0,9.765625000000002e-05
raw,88,0.0,0.0,0.0
raw,89,2.3857238286096e-05,0.0,7.1571714858288e-05
raw,90,8.267195767195767e-05,0.0,0.0002204585537918871
raw,91,0.0,0.0,0.0
raw,92,0.0,0.0,0.0
raw,93,8.492063492063493e-05,0.0,0.00020325396825396786
raw,94,5.1177878558830946e-05,0.0,0.00015353363567649283
raw,95,0.00013916722333556,0.0,0.00041750167000668
raw,96,0.00033068783068783067,0.0,0.0009149029982363316
raw,97,0.0001274956597222222,0.0,0.0003824869791666666
raw,98,9.523809523809523e-05,0.0,0.0002857142857142857
raw,99,0.00029148708784470373,0.0,0.0008008777462419846
raw,100,0.00028538812785388126,0.0,0.0008561643835616438
raw,101,0.0005258532938893659,0.0,0.0015775598816680978
raw,102,0.00031887755102040814,0.0,0.0009015180146132526
raw,103,0.0006113095238095238,0.0,0.0018339285714285714
raw,104,0.00028686173264486515,0.0,0.0008605851979345954
raw,105,0.0006120954241071429,0.0,0.0018037341889880953
raw,106,0.00018726591760299626,0.0,0.0005617977528089888
raw,107,0.000890670229347584,0.0,0.002672010688042752
raw,108,0.0007893257212058302,0.0,0.00221659962804377
raw,109,0.0007981073288690476,2.3251488095238094e-05,0.002305966331845238
raw,110,0.0003468053888221955,0.0,0.0010404161664665866
raw,111,0.000936647445436508,0.0,0.00277739025297619
raw,112,0.0008556547619047618,0.0,0.002335482804232804
raw,113,0.001213506235827664,0.0,0.0036405187074829925
raw,114,0.0010635156840513983,0.0,0.003135432413706224
raw,115,0.001040310329861111,0.0,0.0030325753348214284
raw,116,0.0007647833723653394,0.0,0.0022943501170960183
raw,117,0.0012573242187499999,0.0,0.003706868489583333
raw,118,0.0008775065068367609,0.0,0.002467786575754242
raw,119,0.0013594649616693703,0.0,0.004078394885008111
raw,120,0.0013819675156884457,0.0,0.003961332595053525
raw,121,0.0013706752232142856,0.0,0.004023670014880952
raw,122,0.000726123782846472,0.0,0.0021783713485394158
raw,123,0.0017871031746031745,0.0,0.005327976190476189
raw,124,0.0017048543161556856,0.0,0.00492430419656447
raw,125,0.001402606800903394,0.0,0.004207820402710182
raw,126,0.001853229717813051,0.0,0.00544945987654321
raw,127,0.0012929675181330808,0.0,0.003779039209502785
raw,128,0.003430185633575464,0.0,0.010290556900726392
executor_off,9,0.1252925812251984,0.12423056950644844,0.1264449443514385
executor_off,10,0.12634676555807509,0.12429241661942556,0.12842547319853867
executor_off,11,0.1258966345389191,0.12393993343830517,0.12782668511626427
executor_off,12,0.12540588533739216,0.12389455135174313,0.12683921323476113
executor_off,13,0.12469087301587302,0.1228642857142857,0.1265760813492063
executor_off,14,0.12532679738562089,0.12203343837535013,0.12891823396025076
executor_off,15,0.12641560671361995,0.12521812256911594,0.12760871088685655
executor_off,16,0.1254166666666667,0.12365065586419752,0.12718256723985893
executor_off,17,0.125692655151573,0.12394073862009736,0.12744580430702673
executor_off,18,0.1259920634920635,0.12459183346163713,0.12738736757212507
executor_off,19,0.12567661830357144,0.12460530598958335,0.12673904661148314
executor_off,20,0.12445355191256831,0.12219896565183451,0.12719555035128804
executor_off,21,0.1255452473958333,0.12440390935019839,0.12671547541542658
executor_off,22,0.1261637239165329,0.12416082575352237,0.1281319555912252
executor_off,23,0.12562471403934816,0.1238755697216063,0.12726788793861962
executor_off,24,0.1260141093474427,0.12430073302469136,0.12759950947971785
executor_off,25,0.12534373449900793,0.12415322924417163,0.1266098845951141
executor_off,26,0.12523175937041484,0.12173173436041083,0.12921022575696944
executor_off,27,0.12534373449900793,0.12418824210999503,0.1265984138609871
executor_off,28,0.12575148133731243,0.12409159962804377,0.12776318065827602
executor_off,29,0.12479978354978355,0.12274376578282829,0.12664415358946607
executor_off,30,0.1250082671957672,0.12319098993764173,0.1267876137723608
executor_off,31,0.12517128596230157,0.12407169402591768,0.1264257618737599
executor_off,32,0.1231210556511761,0.12053894148020652,0.12634825014343082
executor_off,33,0.12680039682539682,0.12461383928571426,0.1287905357142857
executor_off,34,0.12512046485260772,0.1233123897707231,0.1269212175610985
executor_off,35,0.12402901040175589,0.12256597520437702,0.12562445327162258
executor_off,36,0.1266051011433597,0.12500732922896513,0.12797585019055996
executor_off,37,0.1254661923363095,0.12423672146267362,0.12683269197978672
executor_off,38,0.12320238095238094,0.12069017857142857,0.1262267857142857
executor_off,39,0.1254661923363095,0.1241947234623016,0.12676136804005456
executor_off,40,0.1263095238095238,0.12477182539682541,0.12787150022045857
executor_off,41,0.12402901040175589,0.12256572669147818,0.12554536652670423
executor_off,42,0.12512046485260772,0.12328639731355506,0.12692428823381205
executor_off,43,0.12735170787891878,0.12475201787064032,0.1298136450347335
executor_off,44,0.12388758782201408,0.12214066159250583,0.12616120218579233
executor_off,45,0.12517128596230157,0.12408961704799107,0.12636221749441964
executor_off,46,0.1250082671957672,0.1232001921138826,0.12679951262912573
executor_off,47,0.12430257340076979,0.12259161179501861,0.12600342550179727
executor_off,48,0.12629071236337672,0.1242377588290218,0.1286593068599989
executor_off,49,0.12517128596230157,0.12409820072234622,0.12639045836433535
executor_off,50,0.1241191275167785,0.12087493008948548,0.1276006711409396
executor_off,51,0.12524259052579365,0.12416132851252479,0.12640650189112104
executor_off,52,0.1257882148293107,0.12431626893527578,0.1270085888236573
executor_off,53,0.12492081089642064,0.12283313316087704,0.12686990770070036
executor_off,54,0.1253779289493575,0.123859304138322,0.12678295855379187
executor_off,55,0.12481437562003968,0.12383158365885419,0.1260118660094246
executor_off,56,0.12386689615605277,0.12167240390131956,0.12617613310384393
executor_off,57,0.12503985773853324,0.12384637031781072,0.1263895239847226
executor_off,58,0.12546739249972505,0.12395930706770776,0.12681973771032662
executor_off,59,0.12394113624073544,0.12275582911855458,0.1251901123675923
executor_off,60,0.12566137566137567,0.12430415126476768,0.1269173325722983
executor_off,61,0.12481437562003968,0.12381331186445933,0.12600240071614582
executor_off,62,0.1244731225823663,0.1219953814859277,0.12697091336534613
executor_off,63,0.12530992063492064,0.12331781746031746,0.12736952380952377
executor_off,64,0.12633813215208564,0.12414128829826504,0.12824843115540788
executor_off,65,0.12394113624073544,0.12271924801984922,0.12515277578967457
executor_off,66,0.1253188775510204,0.12382956191735953,0.12672425162194506
executor_off,67,0.12498682415674604,0.1239091079954117,0.12621500651041667
executor_off,68,0.12478275981925613,0.12391379909628082,0.1256538929440389
executor_off,69,0.12498682415674604,0.12391401987227182,0.12619371202256946
executor_off,70,0.1258802595112119,0.12411851025132277,0.12760694208238846
executor_off,71,0.12437950937950938,0.1227035872113997,0.12598049693362193
executor_off,72,0.12602843915343917,0.12431985780423281,0.1276722056878307
executor_off,73,0.12472142857142858,0.12278530753968253,0.12695840277777776
executor_off,74,0.12575696945444845,0.12271658663465387,0.12881986127784448
executor_off,75,0.12498682415674604,0.12389243474082341,0.12623479933965773
executor_off,76,0.1258452924548815,0.12442646046241934,0.12713728527940854
executor_off,77,0.12439323090625697,0.12294053384546873,0.12593264902821516
executor_off,78,0.1259018759018759,0.12415117562176387,0.1276343397207368
executor_off,79,0.12498682415674604,0.12392805795820934,0.12621023995535716
executor_off,80,0.1253729202524383,0.12257601835915088,0.1286004733218588
executor_off,81,0.12498682415674604,0.123904050796751,0.12617420983692956
executor_off,82,0.1258802595112119,0.12414407950680273,0.1276179650100781
executor_off,83,0.12413331925527045,0.122470128110372,0.12585590222785342
executor_off,84,0.1258452924548815,0.12448811335797634,0.12717814561136476
executor_off,85,0.1250508076667017,0.12384863695294157,0.1264795871439083
executor_off,86,0.12575696945444845,0.1226999549819928,0.12878188775510205
executor_off,87,0.12518833705357144,0.12415943932911706,0.12634356786334328
executor_off,88,0.12567968363816115,0.1234413618388532,0.12830247294996427
executor_off,89,0.12504095492572448,0.1238536597003531,0.12634477287909152
executor_off,90,0.12584758440413205,0.12432424532312925,0.1273212612591333
executor_off,91,0.12519298735119047,0.12416795518663194,0.12633852035280257
executor_off,92,0.12549549549549546,0.12324324324324322,0.12783783783783784
executor_off,93,0.12415436507936507,0.1224440277777778,0.12621637896825397
executor_off,94,0.12570507369614511,0.12417721718316958,0.12721289210128495
executor_off,95,0.1251109361580304,0.12395105687565608,0.12644815424499795
executor_off,96,0.12635471781305113,0.12485229276895944,0.12764908509700176
executor_off,97,0.12536814856150794,0.12438693576388891,0.12644148569258434
executor_off,98,0.12542857142857142,0.12269047619047618,0.12831011904761902
executor_off,99,0.1256394758050387,0.1244927993272364,0.12687134272399173
executor_off,100,0.12611346669565845,0.12489934406030292,0.12718616365876637
executor_off,101,0.1251109361580304,0.12393119572478291,0.12648515284537332
executor_off,102,0.1261625251952633,0.1250527132149156,0.12747464726631394
executor_off,103,0.12526111111111113,0.1230193253968254,0.12763401785714282
executor_off,104,0.1251434308663224,0.12214572576018357,0.12860011474469302
executor_off,105,0.12536814856150794,0.12438073536706351,0.12639512803819447
executor_off,106,0.12654405207775996,0.12537362894596038,0.12781404940253252
executor_off,107,0.1251109361580304,0.12395147437732608,0.1264931052581353
executor_off,108,0.1257460749967562,0.12404280740452402,0.12776264002422041
executor_off,109,0.12536814856150794,0.12438882494729663,0.12651212177579366
executor_off,110,0.12565026010404165,0.12295568227290919,0.1286517106842737
executor_off,111,0.12536814856150794,0.12446861630394347,0.12651212177579366
executor_off,112,0.12598544973544973,0.12428056106701939,0.1274693287037037
executor_off,113,0.12508857709750568,0.12292685303287983,0.12721487032312925
executor_off,114,0.12584758440413205,0.1243425610985135,0.12734443893298059
executor_off,115,0.12519298735119047,0.1241927761501736,0.12638661218067956
executor_off,116,0.12467798594847775,0.12262856167056983,0.12698087431693988
executor_off,117,0.12561926463293652,0.12447797502790177,0.1268524848090278
executor_off,118,0.12585917738920047,0.12430807580923053,0.12740569668976134
executor_off,119,0.12528907020389987,0.12417533479657727,0.12655717188344948
executor_off,120,0.12653193060169807,0.12417866371354745,0.12844222960502027
executor_off,121,0.12561926463293652,0.1244256591796875,0.12681871202256945
executor_off,122,0.12472155528878219,0.12196374383086571,0.1278464302387622
executor_off,123,0.1258079365079365,0.12358285714285715,0.1283135615079365
executor_off,124,0.1259304558962093,0.12456872417916935,0.12726138381532215
executor_off,125,0.12528907020389987,0.12417529503451347,0.12656424953080767
executor_off,126,0.12568853930461074,0.12416601710128497,0.12715579924099268
executor_off,127,0.12581817863274816,0.12446405576579417,0.1272108233469988
executor_off,128,0.12409200968523,0.12167070217917673,0.1265183615819209
batch_shuffle,9,0.12663361080109126,0.12576298789372517,0.1273142642066592
batch_shuffle,10,0.12991583207357013,0.12976267735103297,0.1300359032501889
batch_shuffle,11,0.12381151191271432,0.11885013578744791,0.12722349460826418
batch_shuffle,12,0.3144157244328477,0.2949274751757629,0.32642981717039943
batch_shuffle,13,0.1245686507936508,0.11727083333333334,0.1292503968253968
batch_shuffle,14,0.14128568093904229,0.14016356542617045,0.1420093037214886
batch_shuffle,15,0.18221994463716318,0.18104553199131013,0.18438453191247067
batch_shuffle,16,0.08479607583774251,0.08307649911816578,0.08705589313271604
batch_shuffle,17,0.11657103890320324,0.10942895215033242,0.12208294565321118
batch_shuffle,18,0.23969101689944647,0.23247796496389161,0.2461091865537593
batch_shuffle,19,0.12417786613343253,0.11657325865730406,0.13048155285063243
batch_shuffle,20,0.2364815085870414,0.22866888661202184,0.24407878366510535
batch_shuffle,21,0.17078314887152776,0.16672337607731894,0.17407347179594493
batch_shuffle,22,0.09401440164080614,0.08954171682718029,0.0983432929819868
batch_shuffle,23,0.09413164748530602,0.09002973440854538,0.09873129707352268
batch_shuffle,24,0.24749035493827154,0.23798267333553796,0.2560839602623457
batch_shuffle,25,0.12774774460565477,0.12547335670107887,0.12999043298146082
batch_shuffle,26,0.0918892557022809,0.08773907479658528,0.09613051470588234
batch_shuffle,27,0.12919146825396824,0.12745612250434027,0.13097489129929313
batch_shuffle,28,0.13138353661173824,0.1287220627351758,0.13454627962674626
batch_shuffle,29,0.09899959415584415,0.0935702223124098,0.10410628607503607
batch_shuffle,30,0.2101109772612749,0.1940454931972789,0.22556765125031494
batch_shuffle,31,0.1021116226438492,0.09730525909908233,0.1071974400111607
batch_shuffle,32,0.14082042455536434,0.13186818703384967,0.14891064257028114
batch_shuffle,33,0.1347065476190476,0.13194144345238093,0.1375497420634921
batch_shuffle,34,0.10780206758629375,0.10302356446050642,0.11261839805366589
batch_shuffle,35,0.15254477208385023,0.1435900620685816,0.1608851979753157
batch_shuffle,36,0.18428430079155675,0.16494512239812373,0.20318688617707414
batch_shuffle,37,0.1089892190600198,0.10415420290023564,0.114165770515563
batch_shuffle,38,0.11142261904761906,0.10698794642857141,0.11685505952380949
batch_shuffle,39,0.12592269655257937,0.1232585991753472,0.12873091440352183
batch_shuffle,40,0.14013365299823632,0.13544378306878307,0.14528426752645504
batch_shuffle,41,0.10943832108661768,0.10302778672424213,0.11550084792601074
batch_shuffle,42,0.1603381283068783,0.14406171756897204,0.17763979434366337
batch_shuffle,43,0.1114933142569197,0.10360050435518124,0.1195409175574992
batch_shuffle,44,0.10930425448868074,0.102451362460968,0.11622959967798595
batch_shuffle,45,0.1409842354910714,0.1315400090293279,0.1502836003379216
batch_shuffle,46,0.11621197089947093,0.10890180146132528,0.12338721281336609
batch_shuffle,47,0.11345349429016761,0.10698976325667205,0.11976805794127937
batch_shuffle,48,0.17736310210358652,0.14412674383478882,0.21412111413192725
batch_shuffle,49,0.12586553664434522,0.12340731666201635,0.12837071978856646
batch_shuffle,50,0.1423937360178971,0.13082809004474272,0.15427345497762865
batch_shuffle,51,0.12455977182539679,0.12217476012214781,0.12702852763826883
batch_shuffle,52,0.11531582952815828,0.10942689647205915,0.12074495361310429
batch_shuffle,53,0.11799726357653184,0.11214763598528842,0.12330087130010907
batch_shuffle,54,0.13547453703703705,0.12811404104465857,0.1437394347206475
batch_shuffle,55,0.12420421781994047,0.12218670073009674,0.12641104077535967
batch_shuffle,56,0.13931440045897878,0.13132494262765348,0.14736087205966722
batch_shuffle,57,0.12743920599880862,0.12363953712463646,0.13158573027260942
batch_shuffle,58,0.1233561072619964,0.11686370468125665,0.13023740216833463
batch_shuffle,59,0.1200438575563826,0.1161648545106085,0.12382942969271878
batch_shuffle,60,0.14767793723273176,0.13143605720446475,0.16330717841740958
batch_shuffle,61,0.11883138020833334,0.11447228325737847,0.12311302063957091
batch_shuffle,62,0.11920768307322928,0.11356142456982793,0.12442756269174333
batch_shuffle,63,0.13459126984126984,0.1285404464285714,0.14092349702380952
batch_shuffle,64,0.13379245108896273,0.12319461747877447,0.14578130767810998
batch_shuffle,65,0.12771892992333875,0.12489448639342177,0.13056349802780162
batch_shuffle,66,0.13177043965734442,0.1274382273163895,0.13582590761999241
batch_shuffle,67,0.12137799944196427,0.11655474950396824,0.12663729228670634
batch_shuffle,68,0.12132864094542924,0.11610374304831421,0.12759656326034063
batch_shuffle,69,0.12984735398065475,0.12778269934275793,0.13193496946304564
batch_shuffle,70,0.13162202380952379,0.1277432277888007,0.13574280753968251
batch_shuffle,71,0.12259108946608945,0.11901508387445887,0.1264479053932179
batch_shuffle,72,0.13460124559082892,0.1231088376322751,0.1467356288580247
batch_shuffle,73,0.12283293650793649,0.12071481150793652,0.12505753968253966
batch_shuffle,74,0.11990046018407362,0.11470590319461114,0.12553396358543417
batch_shuffle,75,0.12843366350446428,0.12458507719494046,0.13253872825985863
batch_shuffle,76,0.12063061716315142,0.11543533014423425,0.1256178936091179
batch_shuffle,77,0.12657537296815852,0.12369888089671406,0.12944619397525206
batch_shuffle,78,0.13377737458619812,0.125653495299635,0.14270501761310586
batch_shuffle,79,0.12078993055555555,0.11718011280846972,0.12416933089967755
batch_shuffle,80,0.13684738955823292,0.12567412507171544,0.14782164371772802
batch_shuffle,81,0.1246254572792659,0.12174842955574157,0.1272808353484623
batch_shuffle,82,0.1211610685941043,0.11892727229780801,0.12338811334719071
batch_shuffle,83,0.12163886249252102,0.11689914717734837,0.12711605383099284
batch_shuffle,84,0.13301917989417988,0.12391348662752771,0.14267019098354713
batch_shuffle,85,0.12755856021584497,0.1251236301639861,0.1304866640824836
batch_shuffle,86,0.12536681339202346,0.12090452847805788,0.12986454998666133
batch_shuffle,87,0.12289322141617064,0.12080850268167163,0.12508550734747023
batch_shuffle,88,0.12298154555940022,0.11673978414895371,0.1283234126984127
batch_shuffle,89,0.12299976938002989,0.11927283634729774,0.12627765948563793
batch_shuffle,90,0.13041265117157974,0.12419754562704712,0.13824131649187452
batch_shuffle,91,0.12550494481646823,0.12393932039775546,0.12713108607700893
batch_shuffle,92,0.1227927927927928,0.1177471846846847,0.12770411036036036
batch_shuffle,93,0.12567142857142857,0.12228734126984128,0.129363998015873
batch_shuffle,94,0.124060689090451,0.1200325816090325,0.12845203648589065
batch_shuffle,95,0.12604097083054996,0.12372336438750514,0.12888528545185607
batch_shuffle,96,0.12817432760141093,0.11979739169973545,0.13688040812389768
batch_shuffle,97,0.12526719835069444,0.12198416573660713,0.12811629522414433
batch_shuffle,98,0.12610714285714286,0.12229136904761903,0.12964925595238094
batch_shuffle,99,0.1264883142366586,0.12382948005361086,0.12907542639020286
batch_shuffle,100,0.12694154526346307,0.12406904014459665,0.1298809240686381
batch_shuffle,101,0.12479124916499666,0.12028369238476955,0.12919500210738938
batch_shuffle,102,0.12817027273872514,0.12363516963498364,0.13322816771384483
batch_shuffle,103,0.12482380952380952,0.12237660218253968,0.12731216765873016
batch_shuffle,104,0.12356569133677568,0.11901785714285713,0.1275821141709696
batch_shuffle,105,0.1309483119419643,0.12579310341486855,0.1364504181392609
batch_shuffle,106,0.12412364009274122,0.12177365346887818,0.12653763153201358
batch_shuffle,107,0.12535149664408177,0.12145354697490218,0.1294082162340554
batch_shuffle,108,0.13267700358981013,0.12480128319493101,0.14052839545218632
batch_shuffle,109,0.12422766307043652,0.12080006432911707,0.12751802474733379
batch_shuffle,110,0.12734177004134986,0.12458289565826328,0.1302266531612645
batch_shuffle,111,0.12598315042162697,0.12248494950551832,0.1291626509409102
batch_shuffle,112,0.12671930114638447,0.12383529679232803,0.1297688147597002
batch_shuffle,113,0.12333475056689343,0.11955959467120182,0.12748170882936505
batch_shuffle,114,0.1282503858024691,0.12283032860134795,0.13379596167170568
batch_shuffle,115,0.12570103236607144,0.12382801843067953,0.1277309405614459
batch_shuffle,116,0.12564158860265418,0.12122447672716627,0.12973119755074158
batch_shuffle,117,0.12516896081349208,0.12380003429594492,0.12676164899553571
batch_shuffle,118,0.12582137358407564,0.12196068862494962,0.1305219044411452
batch_shuffle,119,0.128416555332888,0.12651133616439225,0.13006501594458755
batch_shuffle,120,0.13848052787006274,0.12449375922849759,0.15411562153931335
batch_shuffle,121,0.12671169704861107,0.12330593048580109,0.13000226217602923
batch_shuffle,122,0.12446311858076564,0.12071199313058559,0.12833802270908365
batch_shuffle,123,0.12409166666666667,0.12085684523809523,0.12749325396825392
batch_shuffle,124,0.1232847267521925,0.11969495180111618,0.12710120972856417
batch_shuffle,125,0.12655588955689157,0.12472169040461878,0.12826913251105387
batch_shuffle,126,0.13039670729402872,0.12419707321586042,0.13718660930807508
batch_shuffle,127,0.1231849399067942,0.12011050120011212,0.12621794408528678
batch_shuffle,128,0.12025827280064566,0.11440677966101694,0.12610976594027443
