update,pure_post_executor_ce,validation_post_executor_accuracy
400,0.1726723462343216,0.9875
800,0.02285916544497013,1.0
1200,0.0076427580788731575,1.0
1600,0.00429090391844511,1.0
2000,0.003929004073143005,1.0
2400,0.0020714346319437027,1.0
2800,0.0012177352327853441,1.0
3200,0.0012656452599912882,1.0
3600,0.0016709057381376624,0.99921875
4000,0.0012474183458834887,1.0
4400,0.0008009595912881196,1.0
4800,0.0009100534371100366,1.0
5200,0.0006897859275341034,1.0
5600,0.0006669239373877645,1.0
6000,0.0005869618616998196,1.0
6400,0.0009577406453900039,1.0
6800,0.003043802920728922,1.0
7200,0.0005647765938192606,1.0
7600,0.0005128392949700356,1.0
8000,0.0004916010075248778,1.0
